#
# A fatal error has been detected by the Java Runtime Environment:
#
#  EXCEPTION_ACCESS_VIOLATION (0xc0000005) at pc=0x00007ffca553943b, pid=22976, tid=23228
#
# JRE version: OpenJDK Runtime Environment Microsoft-14653939 (17.0.20+8) (build 17.0.20+8-LTS)
# Java VM: OpenJDK 64-Bit Server VM Microsoft-14653939 (17.0.20+8-LTS, mixed mode, sharing, tiered, compressed oops, compressed class ptrs, g1 gc, windows-amd64)
# Problematic frame:
# V  [jvm.dll+0x22943b]
#
# No core dump will be written. Minidumps are not enabled by default on client versions of Windows
#
# If you would like to submit a bug report, please visit:
#   https://github.com/microsoft/openjdk/issues
#

---------------  S U M M A R Y ------------

Command Line: --add-opens=java.base/java.util=ALL-UNNAMED --add-opens=java.base/java.lang=ALL-UNNAMED --add-opens=java.base/java.lang.invoke=ALL-UNNAMED --add-opens=java.prefs/java.util.prefs=ALL-UNNAMED --add-opens=java.base/java.nio.charset=ALL-UNNAMED --add-opens=java.base/java.net=ALL-UNNAMED --add-opens=java.base/java.util.concurrent.atomic=ALL-UNNAMED -Xmx2048m -Dfile.encoding=UTF-8 -Duser.country=ID -Duser.language=en -Duser.variant -javaagent:C:\Users\eferk\.gradle\wrapper\dists\gradle-8.7-bin\bhs2wmbdwecv87pi65oeuq5iu\gradle-8.7\lib\agents\gradle-instrumentation-agent-8.7.jar org.gradle.launcher.daemon.bootstrap.GradleDaemon 8.7

Host: AMD Ryzen 7 4700U with Radeon Graphics         , 8 cores, 15G,  Windows 11 , 64 bit Build 26100 (10.0.26100.8972)
Time: Mon Aug  3 12:08:59 2026 SE Asia Standard Time elapsed time: 149.765950 seconds (0d 0h 2m 29s)

---------------  T H R E A D  ---------------

Current thread (0x000001cb07f401b0):  JavaThread "C2 CompilerThread2" daemon [_thread_in_native, id=23228, stack(0x000000804fb00000,0x000000804fc00000)]


Current CompileTask:
C2:149766 35009       4       org.jetbrains.org.objectweb.asm.ClassReader::readMethod (1061 bytes)

Stack: [0x000000804fb00000,0x000000804fc00000],  sp=0x000000804fbfb0f0,  free space=1004k
Native frames: (J=compiled Java code, j=interpreted, Vv=VM code, C=native code)
V  [jvm.dll+0x22943b]  (no source info available)
V  [jvm.dll+0x5b5a4b]  (no source info available)
V  [jvm.dll+0x5ae19c]  (no source info available)
V  [jvm.dll+0x2c20fd]  (no source info available)
V  [jvm.dll+0x2c17c0]  (no source info available)
V  [jvm.dll+0x2be765]  (no source info available)
V  [jvm.dll+0x2bedea]  (no source info available)
V  [jvm.dll+0x21f97f]  (no source info available)
V  [jvm.dll+0x21d375]  (no source info available)
V  [jvm.dll+0x1a8db6]  (no source info available)
V  [jvm.dll+0x22dcdb]  (no source info available)
V  [jvm.dll+0x22be66]  (no source info available)
V  [jvm.dll+0x7fc40b]  (no source info available)
V  [jvm.dll+0x7f67dc]  (no source info available)
V  [jvm.dll+0x68e6f7]  (no source info available)
C  [ucrtbase.dll+0x2cd30]  (no source info available)
C  [KERNEL32.DLL+0x2ccb7]  (no source info available)
C  [ntdll.dll+0xaad6c]  (no source info available)


siginfo: EXCEPTION_ACCESS_VIOLATION (0xc0000005), reading address 0x0000000000000010


Registers:
RAX=0x000001cb06198960, RBX=0x000001cb7f8af9e8, RCX=0x000000804fbfe990, RDX=0x0000000000000000
RSP=0x000000804fbfb0f0, RBP=0x0000000000000044, RSI=0x000000000000000a, RDI=0x000001cb7ce69970
R8 =0x0000000000000051, R9 =0x0000000000000004, R10=0x00007ffd08ef0000, R11=0x0000000000000000
R12=0x000000000000000c, R13=0x0000000000000000, R14=0x000000804fbfb330, R15=0x000000000000000a
RIP=0x00007ffca553943b, EFLAGS=0x0000000000010206

XMM[0]=0x0000000000000000 0x0000000000000000
XMM[1]=0x000001cb05eca9a0 0x000001cb0cfc13c8
XMM[2]=0x000001cb7bc0dea0 0x000001cb0cfc0590
XMM[3]=0x000001cb7d5ada38 0x000001cb7d5ada38
XMM[4]=0x000001cb7d5ada38 0x000001cb7d5ada38
XMM[5]=0x000001cb7d5ada38 0x000001cb7d5ada38
XMM[6]=0x0000000000000000 0x0000000000000000
XMM[7]=0x0000000000000000 0x0000000000000000
XMM[8]=0x0000000000000000 0x0000000000000000
XMM[9]=0x0000000000000000 0x0000000000000000
XMM[10]=0x0000000000000000 0x0000000000000000
XMM[11]=0x0000000000000000 0x0000000000000000
XMM[12]=0x0000000000000000 0x0000000000000000
XMM[13]=0x0000000000000000 0x0000000000000000
XMM[14]=0x0000000000000000 0x0000000000000000
XMM[15]=0x0000000000000000 0x0000000000000000
  MXCSR=0x00001fa0


Register to memory mapping:

RIP=0x00007ffca553943b jvm.dll
RAX=0x000001cb06198960 points into unknown readable memory: 0x0000000000000044 | 44 00 00 00 00 00 00 00
RBX=0x000001cb7f8af9e8 points into unknown readable memory: 0x00007ffca5cbf788 | 88 f7 cb a5 fc 7f 00 00
RCX=0x000000804fbfe990 is pointing into the stack for thread: 0x000001cb07f401b0
RDX=0x0 is NULL
RSP=0x000000804fbfb0f0 is pointing into the stack for thread: 0x000001cb07f401b0
RBP=0x0000000000000044 is an unknown value
RSI=0x000000000000000a is an unknown value
RDI=0x000001cb7ce69970 points into unknown readable memory: 0x00007ffca5cef9a8 | a8 f9 ce a5 fc 7f 00 00
R8 =0x0000000000000051 is an unknown value
R9 =0x0000000000000004 is an unknown value
R10=0x00007ffd08ef0000 VCRUNTIME140.dll
R11=0x0 is NULL
R12=0x000000000000000c is an unknown value
R13=0x0 is NULL
R14=0x000000804fbfb330 is pointing into the stack for thread: 0x000001cb07f401b0
R15=0x000000000000000a is an unknown value


Top of Stack: (sp=0x000000804fbfb0f0)
0x000000804fbfb0f0:   000000000000000a 0000000000000000
0x000000804fbfb100:   0000000000000000 000000804fbfb330
0x000000804fbfb110:   000001cb7f8af9e8 00007ffca58c5a4b
0x000000804fbfb120:   000000804fbfee70 000000000000000a
0x000000804fbfb130:   000001cb7ce69970 00007ffca5b1ab60
0x000000804fbfb140:   000001cb7ce6bb70 000001cb05e822f0
0x000000804fbfb150:   000001cb00d61b50 00007ffc7fffff00
0x000000804fbfb160:   000000000000000c 0000000000000004
0x000000804fbfb170:   0000000000000c96 00007ffca5b18451
0x000000804fbfb180:   000000007fffffff 0000000000000001
0x000000804fbfb190:   0000000000000000 000001cb7d165890
0x000000804fbfb1a0:   000000000000000c 000000000000000a
0x000000804fbfb1b0:   000001cb7ce69610 0000000000000000
0x000000804fbfb1c0:   000001cb0cfc13c8 000001cb347c4290
0x000000804fbfb1d0:   000001cb347ecb40 000000804fbfb330
0x000000804fbfb1e0:   000001cb06566c30 00007ffca58be19c
0x000000804fbfb1f0:   000001cb00000044 000001cb7f8af9e8
0x000000804fbfb200:   000001cb0cfc1718 00007ffc0000000a
0x000000804fbfb210:   000001cb347ecb40 000001cb7ce69970
0x000000804fbfb220:   000001cb7d24d7c0 00007ffca55ba15c
0x000000804fbfb230:   000001cb7ce69610 000001cb7ee3e160
0x000000804fbfb240:   0000000000000000 000001cb7d165890
0x000000804fbfb250:   000001cb00d61b98 0000000000000004
0x000000804fbfb260:   000001cb7d1655c8 00007ffca538baf4
0x000000804fbfb270:   000001cb7e5990c0 000001cb7d1655c8
0x000000804fbfb280:   000001cb00d61b50 000001cb7d165820
0x000000804fbfb290:   000001cb0cfc13c8 000001cb7e5990c0
0x000000804fbfb2a0:   000001cb05cd74b0 000001cb7b96fa40
0x000000804fbfb2b0:   0000000000000006 0000000000000001
0x000000804fbfb2c0:   000001cb7d24d7c0 00007ffca55d20fd
0x000000804fbfb2d0:   000000804fbfb330 000001cb7d24d7c0
0x000000804fbfb2e0:   0000000000000000 0000000000000000 

Instructions: (pc=0x00007ffca553943b)
0x00007ffca553933b:   01 00 00 00 48 8b f9 39 99 f0 01 00 00 7e 62 66
0x00007ffca553934b:   0f 1f 44 00 00 4c 8b 87 f8 01 00 00 8d 43 ff 48
0x00007ffca553935b:   63 d0 48 63 c3 49 8d 14 d0 49 8d 0c c0 e8 83 7a
0x00007ffca553936b:   ff ff 85 c0 78 15 ff c3 3b 9f f0 01 00 00 7c d5
0x00007ffca553937b:   48 8b 5c 24 30 48 83 c4 20 5f c3 48 8b 8f f8 01
0x00007ffca553938b:   00 00 48 85 c9 74 1a 48 63 97 f0 01 00 00 4c 8d
0x00007ffca553939b:   0d 50 7a ff ff 41 b8 08 00 00 00 ff 15 a4 b5 67
0x00007ffca55393ab:   00 48 8b 5c 24 30 48 83 c4 20 5f c3 cc cc cc cc
0x00007ffca55393bb:   cc cc cc cc cc 48 83 ec 08 4c 63 91 a8 01 00 00
0x00007ffca55393cb:   4c 8b c9 4d 85 d2 7e 4a 33 c0 48 89 1c 24 44 8b
0x00007ffca55393db:   c0 0f 1f 40 00 4d 8b 99 b0 01 00 00 49 8b 1c c3
0x00007ffca55393eb:   8b 4b 2c 83 e1 3f 80 f9 27 75 1b 49 3b c0 74 13
0x00007ffca55393fb:   4b 8b 14 c3 4b 89 1c c3 49 8b 89 b0 01 00 00 48
0x00007ffca553940b:   89 14 c1 49 ff c0 48 ff c0 49 3b c2 7c c7 48 8b
0x00007ffca553941b:   1c 24 48 83 c4 08 c3 cc cc cc cc cc cc cc cc cc
0x00007ffca553942b:   cc cc cc cc cc 48 83 ec 28 48 8b 91 d0 02 00 00
0x00007ffca553943b:   48 8b 42 10 8b 4a 20 4c 8d 04 c8 49 3b c0 73 1c
0x00007ffca553944b:   0f 1f 44 00 00 48 8b 10 8b 4a 2c 83 e1 0f 80 f9
0x00007ffca553945b:   09 74 33 48 83 c0 08 49 3b c0 72 e9 4c 8d 0d 92
0x00007ffca553946b:   88 72 00 41 b8 4a 04 00 00 48 8d 15 a5 88 72 00
0x00007ffca553947b:   b9 00 00 00 e0 e8 1b 39 02 00 e8 66 5e 46 00 33
0x00007ffca553948b:   c0 48 83 c4 28 c3 48 8b c2 48 83 c4 28 c3 cc cc
0x00007ffca553949b:   cc cc cc cc cc 48 89 5c 24 08 48 89 6c 24 10 48
0x00007ffca55394ab:   89 74 24 18 48 89 7c 24 20 41 56 48 83 ec 20 48
0x00007ffca55394bb:   3b 15 f7 3c 96 00 49 8b f0 48 8b fa 48 8b e9 0f
0x00007ffca55394cb:   84 18 01 00 00 48 8b 02 48 8b ca 48 8b da 4d 8b
0x00007ffca55394db:   f0 ff 50 58 84 c0 74 0b 48 8b cb e8 05 c7 f9 ff
0x00007ffca55394eb:   48 8b d8 48 8b 0e 48 8b 51 58 48 8b ce ff d2 84
0x00007ffca55394fb:   c0 74 0b 48 8b ce e8 ea c6 f9 ff 4c 8b f0 48 8b
0x00007ffca553950b:   0e 48 8b 91 b8 00 00 00 48 8b ce ff d2 84 c0 75
0x00007ffca553951b:   60 48 8b d7 48 8b ce e8 79 5b fa ff 84 c0 0f 85
0x00007ffca553952b:   b9 00 00 00 48 8b 03 48 8b cb ff 50 48 84 c0 74 


Stack slot to memory mapping:
stack at sp + 0 slots: 0x000000000000000a is an unknown value
stack at sp + 1 slots: 0x0 is NULL
stack at sp + 2 slots: 0x0 is NULL
stack at sp + 3 slots: 0x000000804fbfb330 is pointing into the stack for thread: 0x000001cb07f401b0
stack at sp + 4 slots: 0x000001cb7f8af9e8 points into unknown readable memory: 0x00007ffca5cbf788 | 88 f7 cb a5 fc 7f 00 00
stack at sp + 5 slots: 0x00007ffca58c5a4b jvm.dll
stack at sp + 6 slots: 0x000000804fbfee70 is pointing into the stack for thread: 0x000001cb07f401b0
stack at sp + 7 slots: 0x000000000000000a is an unknown value


---------------  P R O C E S S  ---------------

Threads class SMR info:
_java_thread_list=0x000001cb07a3f2a0, length=138, elements={
0x000001cb1624e6b0, 0x000001cb3477c6b0, 0x000001cb3477fa00, 0x000001cb34794730,
0x000001cb34794c10, 0x000001cb34795c60, 0x000001cb3479b460, 0x000001cb3479daf0,
0x000001cb347a44b0, 0x000001cb347b7580, 0x000001cb348ac9f0, 0x000001cb349f2e60,
0x000001cb7be27a60, 0x000001cb7b3bc580, 0x000001cb7b860ab0, 0x000001cb7bbaeaf0,
0x000001cb7bbaefd0, 0x000001cb7afdba40, 0x000001cb7afdc460, 0x000001cb7afdd8a0,
0x000001cb7afdb530, 0x000001cb7afdece0, 0x000001cb7afdce80, 0x000001cb7afdbf50,
0x000001cb7d672330, 0x000001cb7d66fab0, 0x000001cb7d66ffc0, 0x000001cb7d6704d0,
0x000001cb7d672d50, 0x000001cb7d673260, 0x000001cb7d6709e0, 0x000001cb7d6746a0,
0x000001cb7d671400, 0x000001cb7d6750c0, 0x000001cb7d6755d0, 0x000001cb7d675ff0,
0x000001cb7d676500, 0x000001cb7d676f20, 0x000001cb7d676a10, 0x000001cb7d675ae0,
0x000001cb7d677430, 0x000001cb7afdd390, 0x000001cb7e32f9d0, 0x000001cb7e32fee0,
0x000001cb7e331830, 0x000001cb7e32efb0, 0x000001cb7e3303f0, 0x000001cb7e331d40,
0x000001cb7e335f10, 0x000001cb7e334fe0, 0x000001cb7e334ad0, 0x000001cb7e3354f0,
0x000001cb7e335a00, 0x000001cb7e336420, 0x000001cb7e336930, 0x000001cb7afdddb0,
0x000001cb7afde7d0, 0x000001cb7d674bb0, 0x000001cb7f7dc7b0, 0x000001cb7f7da440,
0x000001cb7f7dccc0, 0x000001cb7f7de100, 0x000001cb7f7dd6e0, 0x000001cb7f7dc2a0,
0x000001cb7f7de610, 0x000001cb7f7dae60, 0x000001cb7f7deb20, 0x000001cb7f7db370,
0x000001cb7f7df030, 0x000001cb7f7db880, 0x000001cb7f7df540, 0x000001cb7f7dbd90,
0x000001cb7f7dff60, 0x000001cb7f7dfa50, 0x000001cb7f7e0e90, 0x000001cb7f7e18b0,
0x000001cb7f7e0470, 0x000001cb7f7e0980, 0x000001cb7f7e13a0, 0x000001cb7f7e1dc0,
0x000001cb7c37e740, 0x000001cb7c37ec50, 0x000001cb7c37c8e0, 0x000001cb7c37f670,
0x000001cb7c37c3d0, 0x000001cb7c380090, 0x000001cb7c37fb80, 0x000001cb7c37f160,
0x000001cb7c37cdf0, 0x000001cb7c380ab0, 0x000001cb7c37d300, 0x000001cb7c380fc0,
0x000001cb7c37d810, 0x000001cb7c382400, 0x000001cb7c3814d0, 0x000001cb7c3819e0,
0x000001cb7c381ef0, 0x000001cb7c382910, 0x000001cb7c382e20, 0x000001cb7c383330,
0x000001cb7c383840, 0x000001cb7afde2c0, 0x000001cb7bf50b60, 0x000001cb7bf51a90,
0x000001cb7bf533e0, 0x000001cb7bf529c0, 0x000001cb7bf538f0, 0x000001cb7bf51fa0,
0x000001cb7bf52ed0, 0x000001cb7bf524b0, 0x000001cb7bf53e00, 0x000001cb7bf54310,
0x000001cb7bf51070, 0x000001cb7bf51580, 0x000001cb7c389750, 0x000001cb7c389240,
0x000001cb7c38a680, 0x000001cb7c38ab90, 0x000001cb7c38d410, 0x000001cb7c38d920,
0x000001cb7c38c9f0, 0x000001cb7c38c4e0, 0x000001cb7c38cf00, 0x000001cb7c38ed60,
0x000001cb7c3901a0, 0x000001cb7c3906b0, 0x000001cb7c38e340, 0x000001cb7f7ddbf0,
0x000001cb7e78df10, 0x000001cb003a1d50, 0x000001cb003a1840, 0x000001cb7f1a3c60,
0x000001cb7f1a4170, 0x000001cb7e78ee40, 0x000001cb7e78e420, 0x000001cb7c83bc70,
0x000001cb34a675d0, 0x000001cb07f401b0
}

Java Threads: ( => current thread )
  0x000001cb1624e6b0 JavaThread "main" [_thread_blocked, id=21944, stack(0x000000804b900000,0x000000804ba00000)]
  0x000001cb3477c6b0 JavaThread "Reference Handler" daemon [_thread_blocked, id=2916, stack(0x000000804c000000,0x000000804c100000)]
  0x000001cb3477fa00 JavaThread "Finalizer" daemon [_thread_blocked, id=14504, stack(0x000000804c100000,0x000000804c200000)]
  0x000001cb34794730 JavaThread "Signal Dispatcher" daemon [_thread_blocked, id=18024, stack(0x000000804c200000,0x000000804c300000)]
  0x000001cb34794c10 JavaThread "Attach Listener" daemon [_thread_blocked, id=20196, stack(0x000000804c300000,0x000000804c400000)]
  0x000001cb34795c60 JavaThread "Service Thread" daemon [_thread_blocked, id=6956, stack(0x000000804c400000,0x000000804c500000)]
  0x000001cb3479b460 JavaThread "Monitor Deflation Thread" daemon [_thread_blocked, id=13332, stack(0x000000804c500000,0x000000804c600000)]
  0x000001cb3479daf0 JavaThread "C2 CompilerThread0" daemon [_thread_in_native, id=5216, stack(0x000000804c600000,0x000000804c700000)]
  0x000001cb347a44b0 JavaThread "C1 CompilerThread0" daemon [_thread_blocked, id=5372, stack(0x000000804c700000,0x000000804c800000)]
  0x000001cb347b7580 JavaThread "Sweeper thread" daemon [_thread_blocked, id=2024, stack(0x000000804c800000,0x000000804c900000)]
  0x000001cb348ac9f0 JavaThread "Common-Cleaner" daemon [_thread_blocked, id=18988, stack(0x000000804c900000,0x000000804ca00000)]
  0x000001cb349f2e60 JavaThread "Notification Thread" daemon [_thread_blocked, id=572, stack(0x000000804ca00000,0x000000804cb00000)]
  0x000001cb7be27a60 JavaThread "Daemon health stats" [_thread_blocked, id=3948, stack(0x000000804d200000,0x000000804d300000)]
  0x000001cb7b3bc580 JavaThread "Incoming local TCP Connector on port 11091" [_thread_in_native, id=10204, stack(0x000000804d100000,0x000000804d200000)]
  0x000001cb7b860ab0 JavaThread "Daemon periodic checks" [_thread_blocked, id=1620, stack(0x000000804d300000,0x000000804d400000)]
  0x000001cb7bbaeaf0 JavaThread "Daemon" [_thread_blocked, id=14272, stack(0x000000804cc00000,0x000000804cd00000)]
  0x000001cb7bbaefd0 JavaThread "Handler for socket connection from /127.0.0.1:11091 to /127.0.0.1:11092" [_thread_in_native, id=11200, stack(0x000000804d400000,0x000000804d500000)]
  0x000001cb7afdba40 JavaThread "Cancel handler" [_thread_blocked, id=8120, stack(0x000000804d500000,0x000000804d600000)]
  0x000001cb7afdc460 JavaThread "Daemon worker" [_thread_blocked, id=9676, stack(0x000000804d600000,0x000000804d700000)]
  0x000001cb7afdd8a0 JavaThread "Asynchronous log dispatcher for DefaultDaemonConnection: socket connection from /127.0.0.1:11091 to /127.0.0.1:11092" [_thread_blocked, id=11344, stack(0x000000804d700000,0x000000804d800000)]
  0x000001cb7afdb530 JavaThread "Daemon client event forwarder" [_thread_blocked, id=10196, stack(0x000000804d900000,0x000000804da00000)]
  0x000001cb7afdece0 JavaThread "Cache worker for journal cache (C:\Users\eferk\.gradle\caches\journal-1)" [_thread_blocked, id=12460, stack(0x000000804db00000,0x000000804dc00000)]
  0x000001cb7afdce80 JavaThread "File lock request listener" [_thread_in_native, id=2300, stack(0x000000804dc00000,0x000000804dd00000)]
  0x000001cb7afdbf50 JavaThread "Cache worker for file hash cache (C:\Users\eferk\.gradle\caches\8.7\fileHashes)" [_thread_blocked, id=21352, stack(0x000000804dd00000,0x000000804de00000)]
  0x000001cb7d672330 JavaThread "Cache worker for file hash cache (D:\Efer Kano\Documents\OneDrive\Gawean\Proyek\Basket Ball APPS\.gradle\8.7\fileHashes)" [_thread_blocked, id=3036, stack(0x000000804df00000,0x000000804e000000)]
  0x000001cb7d66fab0 JavaThread "File watcher server" daemon [_thread_in_native, id=5148, stack(0x000000804e300000,0x000000804e400000)]
  0x000001cb7d66ffc0 JavaThread "File watcher consumer" daemon [_thread_blocked, id=19640, stack(0x000000804e400000,0x000000804e500000)]
  0x000001cb7d6704d0 JavaThread "Cache worker for checksums cache (D:\Efer Kano\Documents\OneDrive\Gawean\Proyek\Basket Ball APPS\.gradle\8.7\checksums)" [_thread_blocked, id=5348, stack(0x000000804e600000,0x000000804e700000)]
  0x000001cb7d672d50 JavaThread "Cache worker for cache directory md-supplier (C:\Users\eferk\.gradle\caches\8.7\md-supplier)" [_thread_blocked, id=5748, stack(0x000000804e700000,0x000000804e800000)]
  0x000001cb7d673260 JavaThread "Cache worker for cache directory md-rule (C:\Users\eferk\.gradle\caches\8.7\md-rule)" [_thread_blocked, id=11636, stack(0x000000804e800000,0x000000804e900000)]
  0x000001cb7d6709e0 JavaThread "Cache worker for file content cache (C:\Users\eferk\.gradle\caches\8.7\fileContent)" [_thread_blocked, id=14624, stack(0x000000804e900000,0x000000804ea00000)]
  0x000001cb7d6746a0 JavaThread "Cache worker for Build Output Cleanup Cache (D:\Efer Kano\Documents\OneDrive\Gawean\Proyek\Basket Ball APPS\.gradle\buildOutputCleanup)" [_thread_blocked, id=19076, stack(0x000000804ea00000,0x000000804eb00000)]
  0x000001cb7d671400 JavaThread "Unconstrained build operations" [_thread_blocked, id=19468, stack(0x000000804eb00000,0x000000804ec00000)]
  0x000001cb7d6750c0 JavaThread "Unconstrained build operations Thread 2" [_thread_blocked, id=21520, stack(0x000000804ec00000,0x000000804ed00000)]
  0x000001cb7d6755d0 JavaThread "Unconstrained build operations Thread 3" [_thread_blocked, id=17816, stack(0x000000804ed00000,0x000000804ee00000)]
  0x000001cb7d675ff0 JavaThread "Unconstrained build operations Thread 4" [_thread_blocked, id=17104, stack(0x000000804ee00000,0x000000804ef00000)]
  0x000001cb7d676500 JavaThread "Unconstrained build operations Thread 5" [_thread_blocked, id=21772, stack(0x000000804ef00000,0x000000804f000000)]
  0x000001cb7d676f20 JavaThread "Unconstrained build operations Thread 6" [_thread_blocked, id=8976, stack(0x000000804f000000,0x000000804f100000)]
  0x000001cb7d676a10 JavaThread "Unconstrained build operations Thread 7" [_thread_blocked, id=11820, stack(0x000000804f100000,0x000000804f200000)]
  0x000001cb7d675ae0 JavaThread "Unconstrained build operations Thread 8" [_thread_blocked, id=6880, stack(0x000000804f200000,0x000000804f300000)]
  0x000001cb7d677430 JavaThread "Unconstrained build operations Thread 9" [_thread_blocked, id=13544, stack(0x000000804f300000,0x000000804f400000)]
  0x000001cb7afdd390 JavaThread "Unconstrained build operations Thread 10" [_thread_blocked, id=21172, stack(0x000000804f400000,0x000000804f500000)]
  0x000001cb7e32f9d0 JavaThread "Unconstrained build operations Thread 11" [_thread_blocked, id=22188, stack(0x000000804f500000,0x000000804f600000)]
  0x000001cb7e32fee0 JavaThread "Unconstrained build operations Thread 12" [_thread_blocked, id=22436, stack(0x000000804f600000,0x000000804f700000)]
  0x000001cb7e331830 JavaThread "Unconstrained build operations Thread 13" [_thread_blocked, id=11552, stack(0x000000804f700000,0x000000804f800000)]
  0x000001cb7e32efb0 JavaThread "Unconstrained build operations Thread 14" [_thread_blocked, id=14560, stack(0x000000804f800000,0x000000804f900000)]
  0x000001cb7e3303f0 JavaThread "Memory manager" [_thread_blocked, id=22584, stack(0x000000804de00000,0x000000804df00000)]
  0x000001cb7e331d40 JavaThread "build event listener" [_thread_blocked, id=15900, stack(0x000000804fa00000,0x000000804fb00000)]
  0x000001cb7e335f10 JavaThread "included builds" [_thread_blocked, id=21196, stack(0x000000804fe00000,0x000000804ff00000)]
  0x000001cb7e334fe0 JavaThread "Execution worker" [_thread_blocked, id=8920, stack(0x000000804ff00000,0x0000008050000000)]
  0x000001cb7e334ad0 JavaThread "Execution worker Thread 2" [_thread_blocked, id=4296, stack(0x0000008050000000,0x0000008050100000)]
  0x000001cb7e3354f0 JavaThread "Execution worker Thread 3" [_thread_blocked, id=2308, stack(0x0000008050100000,0x0000008050200000)]
  0x000001cb7e335a00 JavaThread "Execution worker Thread 4" [_thread_in_native, id=1680, stack(0x0000008050200000,0x0000008050300000)]
  0x000001cb7e336420 JavaThread "Execution worker Thread 5" [_thread_blocked, id=18980, stack(0x0000008050300000,0x0000008050400000)]
  0x000001cb7e336930 JavaThread "Execution worker Thread 6" [_thread_blocked, id=9308, stack(0x0000008050400000,0x0000008050500000)]
  0x000001cb7afdddb0 JavaThread "Execution worker Thread 7" [_thread_blocked, id=21416, stack(0x0000008050500000,0x0000008050600000)]
  0x000001cb7afde7d0 JavaThread "Cache worker for execution history cache (D:\Efer Kano\Documents\OneDrive\Gawean\Proyek\Basket Ball APPS\.gradle\8.7\executionHistory)" [_thread_blocked, id=21124, stack(0x0000008050600000,0x0000008050700000)]
  0x000001cb7d674bb0 JavaThread "Unconstrained build operations Thread 15" [_thread_blocked, id=8136, stack(0x0000008050700000,0x0000008050800000)]
  0x000001cb7f7dc7b0 JavaThread "Unconstrained build operations Thread 16" [_thread_blocked, id=22040, stack(0x0000008050800000,0x0000008050900000)]
  0x000001cb7f7da440 JavaThread "Unconstrained build operations Thread 17" [_thread_blocked, id=7472, stack(0x0000008050900000,0x0000008050a00000)]
  0x000001cb7f7dccc0 JavaThread "Unconstrained build operations Thread 18" [_thread_blocked, id=23064, stack(0x0000008050a00000,0x0000008050b00000)]
  0x000001cb7f7de100 JavaThread "Unconstrained build operations Thread 19" [_thread_blocked, id=3936, stack(0x0000008050b00000,0x0000008050c00000)]
  0x000001cb7f7dd6e0 JavaThread "Unconstrained build operations Thread 20" [_thread_blocked, id=20172, stack(0x0000008050c00000,0x0000008050d00000)]
  0x000001cb7f7dc2a0 JavaThread "Unconstrained build operations Thread 21" [_thread_blocked, id=20596, stack(0x0000008050d00000,0x0000008050e00000)]
  0x000001cb7f7de610 JavaThread "Unconstrained build operations Thread 22" [_thread_blocked, id=17328, stack(0x000000804fd00000,0x000000804fe00000)]
  0x000001cb7f7dae60 JavaThread "Unconstrained build operations Thread 23" [_thread_blocked, id=19124, stack(0x0000008050f00000,0x0000008051000000)]
  0x000001cb7f7deb20 JavaThread "Unconstrained build operations Thread 24" [_thread_blocked, id=21212, stack(0x0000008051000000,0x0000008051100000)]
  0x000001cb7f7db370 JavaThread "Unconstrained build operations Thread 25" [_thread_blocked, id=12668, stack(0x0000008051100000,0x0000008051200000)]
  0x000001cb7f7df030 JavaThread "Unconstrained build operations Thread 26" [_thread_blocked, id=17336, stack(0x0000008051200000,0x0000008051300000)]
  0x000001cb7f7db880 JavaThread "Unconstrained build operations Thread 27" [_thread_blocked, id=17540, stack(0x0000008051300000,0x0000008051400000)]
  0x000001cb7f7df540 JavaThread "Unconstrained build operations Thread 28" [_thread_blocked, id=3184, stack(0x0000008051400000,0x0000008051500000)]
  0x000001cb7f7dbd90 JavaThread "Unconstrained build operations Thread 29" [_thread_blocked, id=22404, stack(0x0000008051500000,0x0000008051600000)]
  0x000001cb7f7dff60 JavaThread "Unconstrained build operations Thread 30" [_thread_blocked, id=6728, stack(0x0000008051600000,0x0000008051700000)]
  0x000001cb7f7dfa50 JavaThread "Unconstrained build operations Thread 31" [_thread_blocked, id=20260, stack(0x0000008051700000,0x0000008051800000)]
  0x000001cb7f7e0e90 JavaThread "Unconstrained build operations Thread 32" [_thread_blocked, id=17960, stack(0x0000008051800000,0x0000008051900000)]
  0x000001cb7f7e18b0 JavaThread "Unconstrained build operations Thread 33" [_thread_blocked, id=9996, stack(0x0000008051900000,0x0000008051a00000)]
  0x000001cb7f7e0470 JavaThread "Unconstrained build operations Thread 34" [_thread_blocked, id=22564, stack(0x0000008051a00000,0x0000008051b00000)]
  0x000001cb7f7e0980 JavaThread "Unconstrained build operations Thread 35" [_thread_blocked, id=21164, stack(0x0000008051b00000,0x0000008051c00000)]
  0x000001cb7f7e13a0 JavaThread "Unconstrained build operations Thread 36" [_thread_blocked, id=14404, stack(0x0000008051c00000,0x0000008051d00000)]
  0x000001cb7f7e1dc0 JavaThread "Unconstrained build operations Thread 37" [_thread_blocked, id=568, stack(0x0000008051d00000,0x0000008051e00000)]
  0x000001cb7c37e740 JavaThread "Unconstrained build operations Thread 38" [_thread_in_Java, id=16444, stack(0x000000804b600000,0x000000804b700000)]
  0x000001cb7c37ec50 JavaThread "Unconstrained build operations Thread 39" [_thread_in_native, id=5892, stack(0x000000804b700000,0x000000804b800000)]
  0x000001cb7c37c8e0 JavaThread "Unconstrained build operations Thread 40" [_thread_in_Java, id=16920, stack(0x000000804da00000,0x000000804db00000)]
  0x000001cb7c37f670 JavaThread "Unconstrained build operations Thread 41" [_thread_blocked, id=5596, stack(0x000000804fc00000,0x000000804fd00000)]
  0x000001cb7c37c3d0 JavaThread "Unconstrained build operations Thread 42" [_thread_blocked, id=9908, stack(0x000000804b800000,0x000000804b900000)]
  0x000001cb7c380090 JavaThread "Unconstrained build operations Thread 43" [_thread_blocked, id=8952, stack(0x0000008051e00000,0x0000008051f00000)]
  0x000001cb7c37fb80 JavaThread "Unconstrained build operations Thread 44" [_thread_in_Java, id=4936, stack(0x0000008051f00000,0x0000008052000000)]
  0x000001cb7c37f160 JavaThread "Unconstrained build operations Thread 45" [_thread_blocked, id=4896, stack(0x0000008052000000,0x0000008052100000)]
  0x000001cb7c37cdf0 JavaThread "Unconstrained build operations Thread 46" [_thread_blocked, id=23008, stack(0x0000008052200000,0x0000008052300000)]
  0x000001cb7c380ab0 JavaThread "Unconstrained build operations Thread 47" [_thread_in_Java, id=22140, stack(0x0000008052300000,0x0000008052400000)]
  0x000001cb7c37d300 JavaThread "Unconstrained build operations Thread 48" [_thread_blocked, id=3180, stack(0x0000008052100000,0x0000008052200000)]
  0x000001cb7c380fc0 JavaThread "Unconstrained build operations Thread 49" [_thread_blocked, id=1760, stack(0x0000008052400000,0x0000008052500000)]
  0x000001cb7c37d810 JavaThread "Unconstrained build operations Thread 50" [_thread_blocked, id=7880, stack(0x0000008052500000,0x0000008052600000)]
  0x000001cb7c382400 JavaThread "Unconstrained build operations Thread 51" [_thread_blocked, id=17196, stack(0x0000008052600000,0x0000008052700000)]
  0x000001cb7c3814d0 JavaThread "Unconstrained build operations Thread 52" [_thread_blocked, id=9336, stack(0x0000008052700000,0x0000008052800000)]
  0x000001cb7c3819e0 JavaThread "Unconstrained build operations Thread 53" [_thread_blocked, id=5024, stack(0x0000008052800000,0x0000008052900000)]
  0x000001cb7c381ef0 JavaThread "Unconstrained build operations Thread 54" [_thread_blocked, id=11556, stack(0x0000008052900000,0x0000008052a00000)]
  0x000001cb7c382910 JavaThread "Unconstrained build operations Thread 55" [_thread_blocked, id=11640, stack(0x000000804d800000,0x000000804d900000)]
  0x000001cb7c382e20 JavaThread "Unconstrained build operations Thread 56" [_thread_blocked, id=20160, stack(0x0000008052b00000,0x0000008052c00000)]
  0x000001cb7c383330 JavaThread "Unconstrained build operations Thread 57" [_thread_blocked, id=22744, stack(0x0000008052a00000,0x0000008052b00000)]
  0x000001cb7c383840 JavaThread "Unconstrained build operations Thread 58" [_thread_blocked, id=22588, stack(0x0000008052c00000,0x0000008052d00000)]
  0x000001cb7afde2c0 JavaThread "Unconstrained build operations Thread 59" [_thread_blocked, id=16212, stack(0x0000008052d00000,0x0000008052e00000)]
  0x000001cb7bf50b60 JavaThread "Unconstrained build operations Thread 60" [_thread_blocked, id=22600, stack(0x0000008052e00000,0x0000008052f00000)]
  0x000001cb7bf51a90 JavaThread "Unconstrained build operations Thread 61" [_thread_blocked, id=13416, stack(0x0000008052f00000,0x0000008053000000)]
  0x000001cb7bf533e0 JavaThread "Unconstrained build operations Thread 62" [_thread_blocked, id=22248, stack(0x0000008053000000,0x0000008053100000)]
  0x000001cb7bf529c0 JavaThread "Unconstrained build operations Thread 63" [_thread_blocked, id=23176, stack(0x0000008053100000,0x0000008053200000)]
  0x000001cb7bf538f0 JavaThread "Unconstrained build operations Thread 64" [_thread_blocked, id=17632, stack(0x0000008053300000,0x0000008053400000)]
  0x000001cb7bf51fa0 JavaThread "Unconstrained build operations Thread 65" [_thread_blocked, id=13288, stack(0x0000008053400000,0x0000008053500000)]
  0x000001cb7bf52ed0 JavaThread "Unconstrained build operations Thread 66" [_thread_blocked, id=22216, stack(0x0000008053500000,0x0000008053600000)]
  0x000001cb7bf524b0 JavaThread "Unconstrained build operations Thread 67" [_thread_blocked, id=6808, stack(0x0000008053600000,0x0000008053700000)]
  0x000001cb7bf53e00 JavaThread "Unconstrained build operations Thread 68" [_thread_blocked, id=17968, stack(0x0000008053700000,0x0000008053800000)]
  0x000001cb7bf54310 JavaThread "Unconstrained build operations Thread 69" [_thread_blocked, id=16040, stack(0x0000008053800000,0x0000008053900000)]
  0x000001cb7bf51070 JavaThread "Unconstrained build operations Thread 70" [_thread_blocked, id=4524, stack(0x0000008053900000,0x0000008053a00000)]
  0x000001cb7bf51580 JavaThread "Unconstrained build operations Thread 71" [_thread_blocked, id=20216, stack(0x0000008053a00000,0x0000008053b00000)]
  0x000001cb7c389750 JavaThread "Unconstrained build operations Thread 72" [_thread_blocked, id=15752, stack(0x0000008053b00000,0x0000008053c00000)]
  0x000001cb7c389240 JavaThread "Unconstrained build operations Thread 73" [_thread_blocked, id=18556, stack(0x0000008053c00000,0x0000008053d00000)]
  0x000001cb7c38a680 JavaThread "Unconstrained build operations Thread 74" [_thread_blocked, id=4084, stack(0x0000008053d00000,0x0000008053e00000)]
  0x000001cb7c38ab90 JavaThread "Unconstrained build operations Thread 75" [_thread_blocked, id=14708, stack(0x0000008053e00000,0x0000008053f00000)]
  0x000001cb7c38d410 JavaThread "Unconstrained build operations Thread 76" [_thread_blocked, id=23144, stack(0x0000008053f00000,0x0000008054000000)]
  0x000001cb7c38d920 JavaThread "Unconstrained build operations Thread 77" [_thread_blocked, id=3836, stack(0x0000008054000000,0x0000008054100000)]
  0x000001cb7c38c9f0 JavaThread "Unconstrained build operations Thread 78" [_thread_blocked, id=18036, stack(0x0000008054100000,0x0000008054200000)]
  0x000001cb7c38c4e0 JavaThread "Unconstrained build operations Thread 79" [_thread_blocked, id=1648, stack(0x0000008054200000,0x0000008054300000)]
  0x000001cb7c38cf00 JavaThread "Unconstrained build operations Thread 80" [_thread_blocked, id=20440, stack(0x0000008054300000,0x0000008054400000)]
  0x000001cb7c38ed60 JavaThread "WorkerExecutor Queue" [_thread_blocked, id=16068, stack(0x0000008054400000,0x0000008054500000)]
  0x000001cb7c3901a0 JavaThread "WorkerExecutor Queue Thread 2" [_thread_blocked, id=3332, stack(0x0000008054900000,0x0000008054a00000)]
  0x000001cb7c3906b0 JavaThread "WorkerExecutor Queue Thread 3" [_thread_blocked, id=10464, stack(0x0000008054a00000,0x0000008054b00000)]
  0x000001cb7c38e340 JavaThread "WorkerExecutor Queue Thread 5" [_thread_blocked, id=5616, stack(0x0000008054c00000,0x0000008054d00000)]
  0x000001cb7f7ddbf0 JavaThread "WorkerExecutor Queue Thread 6" [_thread_blocked, id=2696, stack(0x0000008054d00000,0x0000008054e00000)]
  0x000001cb7e78df10 JavaThread "WorkerExecutor Queue Thread 7" [_thread_blocked, id=18900, stack(0x0000008054e00000,0x0000008054f00000)]
  0x000001cb003a1d50 JavaThread "WorkerExecutor Queue Thread 9" [_thread_blocked, id=8964, stack(0x0000008054500000,0x0000008054600000)]
  0x000001cb003a1840 JavaThread "pool-4-thread-1" [_thread_blocked, id=13548, stack(0x0000008055000000,0x0000008055100000)]
  0x000001cb7f1a3c60 JavaThread "stderr" [_thread_in_native, id=13280, stack(0x0000008053200000,0x0000008053300000)]
  0x000001cb7f1a4170 JavaThread "stdout" [_thread_in_native, id=22944, stack(0x0000008055100000,0x0000008055200000)]
  0x000001cb7e78ee40 JavaThread "stderr" [_thread_in_native, id=16048, stack(0x0000008055200000,0x0000008055300000)]
  0x000001cb7e78e420 JavaThread "stdout" [_thread_in_native, id=14644, stack(0x0000008055300000,0x0000008055400000)]
  0x000001cb7c83bc70 JavaThread "WorkerExecutor Queue Thread 10" [_thread_blocked, id=2172, stack(0x0000008055400000,0x0000008055500000)]
  0x000001cb34a675d0 JavaThread "C2 CompilerThread1" daemon [_thread_in_native, id=13572, stack(0x000000804f900000,0x000000804fa00000)]
=>0x000001cb07f401b0 JavaThread "C2 CompilerThread2" daemon [_thread_in_native, id=23228, stack(0x000000804fb00000,0x000000804fc00000)]

Other Threads:
  0x000001cb347742a0 VMThread "VM Thread" [stack: 0x000000804bf00000,0x000000804c000000] [id=5264]
  0x000001cb1624f530 WatcherThread [stack: 0x000000804cb00000,0x000000804cc00000] [id=18072]
  0x000001cb162ad670 GCTaskThread "GC Thread#0" [stack: 0x000000804ba00000,0x000000804bb00000] [id=17536]
  0x000001cb7ab32010 GCTaskThread "GC Thread#1" [stack: 0x000000804cd00000,0x000000804ce00000] [id=11040]
  0x000001cb7ab322e0 GCTaskThread "GC Thread#2" [stack: 0x000000804ce00000,0x000000804cf00000] [id=9324]
  0x000001cb7ab325b0 GCTaskThread "GC Thread#3" [stack: 0x000000804cf00000,0x000000804d000000] [id=16784]
  0x000001cb7ab32880 GCTaskThread "GC Thread#4" [stack: 0x000000804d000000,0x000000804d100000] [id=18612]
  0x000001cb7ac39190 GCTaskThread "GC Thread#5" [stack: 0x000000804e000000,0x000000804e100000] [id=9684]
  0x000001cb7ac39a00 GCTaskThread "GC Thread#6" [stack: 0x000000804e100000,0x000000804e200000] [id=10756]
  0x000001cb7ac39cd0 GCTaskThread "GC Thread#7" [stack: 0x000000804e200000,0x000000804e300000] [id=15788]
  0x000001cb162be730 ConcurrentGCThread "G1 Main Marker" [stack: 0x000000804bb00000,0x000000804bc00000] [id=18536]
  0x000001cb162c0be0 ConcurrentGCThread "G1 Conc#0" [stack: 0x000000804bc00000,0x000000804bd00000] [id=14444]
  0x000001cb7ac39fa0 ConcurrentGCThread "G1 Conc#1" [stack: 0x000000804e500000,0x000000804e600000] [id=3724]
  0x000001cb162fd6d0 ConcurrentGCThread "G1 Refine#0" [stack: 0x000000804bd00000,0x000000804be00000] [id=21696]
  0x000001cb00063360 ConcurrentGCThread "G1 Refine#1" [stack: 0x0000008054600000,0x0000008054700000] [id=22800]
  0x000001cb7d145fe0 ConcurrentGCThread "G1 Refine#2" [stack: 0x0000008054700000,0x0000008054800000] [id=18928]
  0x000001cb05cfe340 ConcurrentGCThread "G1 Refine#3" [stack: 0x0000008055a00000,0x0000008055b00000] [id=12092]
  0x000001cb7c25c070 ConcurrentGCThread "G1 Refine#4" [stack: 0x0000008055b00000,0x0000008055c00000] [id=22832]
  0x000001cb0ce668d0 ConcurrentGCThread "G1 Refine#5" [stack: 0x0000008055c00000,0x0000008055d00000] [id=16548]
  0x000001cb7d1465e0 ConcurrentGCThread "G1 Refine#6" [stack: 0x0000008055d00000,0x0000008055e00000] [id=2888]
  0x000001cb7f338890 ConcurrentGCThread "G1 Refine#7" [stack: 0x0000008055e00000,0x0000008055f00000] [id=5268]
  0x000001cb162fdbc0 ConcurrentGCThread "G1 Service" [stack: 0x000000804be00000,0x000000804bf00000] [id=2940]

Threads with active compile tasks:
C2 CompilerThread0  149866 35006       4       org.jetbrains.kotlin.gradle.internal.kapt.incremental.ClassTypeExtractorVisitor::visitMethod (159 bytes)
C2 CompilerThread1  149866 34953       4       org.jetbrains.kotlin.gradle.internal.kapt.incremental.ClassTypeExtractorVisitorKt::finalInternalName (101 bytes)
C2 CompilerThread2  149866 35009       4       org.jetbrains.org.objectweb.asm.ClassReader::readMethod (1061 bytes)

VM state: not at safepoint (normal execution)

VM Mutex/Monitor currently owned by a thread: None

Heap address: 0x0000000080000000, size: 2048 MB, Compressed Oops mode: 32-bit

CDS archive(s) mapped at: [0x000001cb35000000-0x000001cb35bb0000-0x000001cb35bb0000), size 12255232, SharedBaseAddress: 0x000001cb35000000, ArchiveRelocationMode: 1.
Compressed class space mapped at: 0x000001cb36000000-0x000001cb76000000, reserved size: 1073741824
Narrow klass base: 0x000001cb35000000, Narrow klass shift: 0, Narrow klass range: 0x100000000

GC Precious Log:
 CPUs: 8 total, 8 available
 Memory: 15756M
 Large Page Support: Disabled
 NUMA Support: Disabled
 Compressed Oops: Enabled (32-bit)
 Heap Region Size: 1M
 Heap Min Capacity: 8M
 Heap Initial Capacity: 248M
 Heap Max Capacity: 2G
 Pre-touch: Disabled
 Parallel Workers: 8
 Concurrent Workers: 2
 Concurrent Refinement Workers: 8
 Periodic GC: Disabled

Heap:
 garbage-first heap   total 716800K, used 562073K [0x0000000080000000, 0x0000000100000000)
  region size 1024K, 227 young (232448K), 17 survivors (17408K)
 Metaspace       used 141946K, committed 142912K, reserved 1179648K
  class space    used 18712K, committed 19200K, reserved 1048576K

Heap Regions: E=young(eden), S=young(survivor), O=old, HS=humongous(starts), HC=humongous(continues), CS=collection set, F=free, OA=open archive, CA=closed archive, TAMS=top-at-mark-start (previous, next)
|   0|0x0000000080000000, 0x0000000080100000, 0x0000000080100000|100%|HS|  |TAMS 0x0000000080100000, 0x0000000080000000| Complete 
|   1|0x0000000080100000, 0x0000000080200000, 0x0000000080200000|100%|HC|  |TAMS 0x0000000080200000, 0x0000000080100000| Complete 
|   2|0x0000000080200000, 0x0000000080300000, 0x0000000080300000|100%|HC|  |TAMS 0x0000000080300000, 0x0000000080200000| Complete 
|   3|0x0000000080300000, 0x0000000080400000, 0x0000000080400000|100%|HC|  |TAMS 0x0000000080400000, 0x0000000080300000| Complete 
|   4|0x0000000080400000, 0x0000000080500000, 0x0000000080500000|100%| O|  |TAMS 0x0000000080500000, 0x0000000080400000| Untracked 
|   5|0x0000000080500000, 0x0000000080600000, 0x0000000080600000|100%| O|  |TAMS 0x0000000080600000, 0x0000000080500000| Untracked 
|   6|0x0000000080600000, 0x0000000080700000, 0x0000000080700000|100%| O|  |TAMS 0x0000000080700000, 0x0000000080600000| Untracked 
|   7|0x0000000080700000, 0x0000000080800000, 0x0000000080800000|100%| O|  |TAMS 0x0000000080800000, 0x0000000080700000| Untracked 
|   8|0x0000000080800000, 0x0000000080900000, 0x0000000080900000|100%| O|  |TAMS 0x0000000080900000, 0x0000000080800000| Untracked 
|   9|0x0000000080900000, 0x0000000080a00000, 0x0000000080a00000|100%| O|  |TAMS 0x0000000080a00000, 0x0000000080900000| Untracked 
|  10|0x0000000080a00000, 0x0000000080b00000, 0x0000000080b00000|100%| O|  |TAMS 0x0000000080b00000, 0x0000000080a00000| Untracked 
|  11|0x0000000080b00000, 0x0000000080c00000, 0x0000000080c00000|100%| O|  |TAMS 0x0000000080c00000, 0x0000000080b00000| Untracked 
|  12|0x0000000080c00000, 0x0000000080d00000, 0x0000000080d00000|100%| O|  |TAMS 0x0000000080d00000, 0x0000000080c00000| Untracked 
|  13|0x0000000080d00000, 0x0000000080e00000, 0x0000000080e00000|100%| O|  |TAMS 0x0000000080e00000, 0x0000000080d00000| Untracked 
|  14|0x0000000080e00000, 0x0000000080f00000, 0x0000000080f00000|100%| O|  |TAMS 0x0000000080f00000, 0x0000000080e00000| Untracked 
|  15|0x0000000080f00000, 0x0000000081000000, 0x0000000081000000|100%| O|  |TAMS 0x0000000081000000, 0x0000000080f00000| Untracked 
|  16|0x0000000081000000, 0x0000000081100000, 0x0000000081100000|100%| O|  |TAMS 0x0000000081100000, 0x0000000081000000| Untracked 
|  17|0x0000000081100000, 0x0000000081200000, 0x0000000081200000|100%| O|  |TAMS 0x0000000081200000, 0x0000000081100000| Untracked 
|  18|0x0000000081200000, 0x0000000081300000, 0x0000000081300000|100%| O|  |TAMS 0x0000000081300000, 0x0000000081200000| Untracked 
|  19|0x0000000081300000, 0x0000000081400000, 0x0000000081400000|100%| O|  |TAMS 0x0000000081400000, 0x0000000081300000| Untracked 
|  20|0x0000000081400000, 0x0000000081500000, 0x0000000081500000|100%| O|  |TAMS 0x0000000081500000, 0x0000000081400000| Untracked 
|  21|0x0000000081500000, 0x0000000081600000, 0x0000000081600000|100%| O|  |TAMS 0x0000000081600000, 0x0000000081500000| Untracked 
|  22|0x0000000081600000, 0x0000000081700000, 0x0000000081700000|100%| O|  |TAMS 0x0000000081700000, 0x0000000081600000| Untracked 
|  23|0x0000000081700000, 0x0000000081800000, 0x0000000081800000|100%| O|  |TAMS 0x0000000081800000, 0x0000000081700000| Untracked 
|  24|0x0000000081800000, 0x0000000081900000, 0x0000000081900000|100%| O|  |TAMS 0x0000000081900000, 0x0000000081800000| Untracked 
|  25|0x0000000081900000, 0x0000000081a00000, 0x0000000081a00000|100%| O|  |TAMS 0x0000000081a00000, 0x0000000081900000| Untracked 
|  26|0x0000000081a00000, 0x0000000081b00000, 0x0000000081b00000|100%| O|  |TAMS 0x0000000081b00000, 0x0000000081a00000| Untracked 
|  27|0x0000000081b00000, 0x0000000081c00000, 0x0000000081c00000|100%| O|  |TAMS 0x0000000081c00000, 0x0000000081b00000| Untracked 
|  28|0x0000000081c00000, 0x0000000081d00000, 0x0000000081d00000|100%| O|  |TAMS 0x0000000081d00000, 0x0000000081c00000| Untracked 
|  29|0x0000000081d00000, 0x0000000081e00000, 0x0000000081e00000|100%| O|  |TAMS 0x0000000081e00000, 0x0000000081d00000| Untracked 
|  30|0x0000000081e00000, 0x0000000081f00000, 0x0000000081f00000|100%| O|  |TAMS 0x0000000081f00000, 0x0000000081e00000| Untracked 
|  31|0x0000000081f00000, 0x0000000082000000, 0x0000000082000000|100%|HS|  |TAMS 0x0000000082000000, 0x0000000081f00000| Complete 
|  32|0x0000000082000000, 0x0000000082100000, 0x0000000082100000|100%|HS|  |TAMS 0x0000000082100000, 0x0000000082000000| Complete 
|  33|0x0000000082100000, 0x0000000082200000, 0x0000000082200000|100%|HS|  |TAMS 0x0000000082200000, 0x0000000082100000| Complete 
|  34|0x0000000082200000, 0x0000000082300000, 0x0000000082300000|100%|HC|  |TAMS 0x0000000082300000, 0x0000000082200000| Complete 
|  35|0x0000000082300000, 0x0000000082400000, 0x0000000082400000|100%|HS|  |TAMS 0x0000000082400000, 0x0000000082300000| Complete 
|  36|0x0000000082400000, 0x0000000082500000, 0x0000000082500000|100%|HC|  |TAMS 0x0000000082500000, 0x0000000082400000| Complete 
|  37|0x0000000082500000, 0x0000000082600000, 0x0000000082600000|100%|HS|  |TAMS 0x0000000082600000, 0x0000000082500000| Complete 
|  38|0x0000000082600000, 0x0000000082700000, 0x0000000082700000|100%| O|  |TAMS 0x0000000082700000, 0x0000000082600000| Untracked 
|  39|0x0000000082700000, 0x0000000082800000, 0x0000000082800000|100%| O|  |TAMS 0x0000000082800000, 0x0000000082700000| Untracked 
|  40|0x0000000082800000, 0x0000000082900000, 0x0000000082900000|100%| O|  |TAMS 0x0000000082900000, 0x0000000082800000| Untracked 
|  41|0x0000000082900000, 0x0000000082a00000, 0x0000000082a00000|100%| O|  |TAMS 0x0000000082a00000, 0x0000000082900000| Untracked 
|  42|0x0000000082a00000, 0x0000000082b00000, 0x0000000082b00000|100%| O|  |TAMS 0x0000000082b00000, 0x0000000082a00000| Untracked 
|  43|0x0000000082b00000, 0x0000000082c00000, 0x0000000082c00000|100%|HS|  |TAMS 0x0000000082c00000, 0x0000000082b00000| Complete 
|  44|0x0000000082c00000, 0x0000000082d00000, 0x0000000082d00000|100%|HC|  |TAMS 0x0000000082d00000, 0x0000000082c00000| Complete 
|  45|0x0000000082d00000, 0x0000000082e00000, 0x0000000082e00000|100%|HC|  |TAMS 0x0000000082e00000, 0x0000000082d00000| Complete 
|  46|0x0000000082e00000, 0x0000000082f00000, 0x0000000082f00000|100%|HC|  |TAMS 0x0000000082f00000, 0x0000000082e00000| Complete 
|  47|0x0000000082f00000, 0x0000000083000000, 0x0000000083000000|100%|HS|  |TAMS 0x0000000083000000, 0x0000000082f00000| Complete 
|  48|0x0000000083000000, 0x0000000083100000, 0x0000000083100000|100%|HS|  |TAMS 0x0000000083100000, 0x0000000083000000| Complete 
|  49|0x0000000083100000, 0x0000000083200000, 0x0000000083200000|100%| O|  |TAMS 0x0000000083200000, 0x0000000083100000| Untracked 
|  50|0x0000000083200000, 0x0000000083300000, 0x0000000083300000|100%| O|  |TAMS 0x0000000083300000, 0x0000000083200000| Untracked 
|  51|0x0000000083300000, 0x0000000083400000, 0x0000000083400000|100%| O|  |TAMS 0x0000000083400000, 0x0000000083300000| Untracked 
|  52|0x0000000083400000, 0x0000000083500000, 0x0000000083500000|100%| O|  |TAMS 0x0000000083500000, 0x0000000083400000| Untracked 
|  53|0x0000000083500000, 0x0000000083600000, 0x0000000083600000|100%|HS|  |TAMS 0x0000000083600000, 0x0000000083500000| Complete 
|  54|0x0000000083600000, 0x0000000083700000, 0x0000000083700000|100%| O|  |TAMS 0x0000000083700000, 0x0000000083600000| Untracked 
|  55|0x0000000083700000, 0x0000000083800000, 0x0000000083800000|100%|HS|  |TAMS 0x0000000083800000, 0x0000000083700000| Complete 
|  56|0x0000000083800000, 0x0000000083900000, 0x0000000083900000|100%| O|  |TAMS 0x0000000083900000, 0x0000000083800000| Untracked 
|  57|0x0000000083900000, 0x0000000083a00000, 0x0000000083a00000|100%| O|  |TAMS 0x0000000083a00000, 0x0000000083900000| Untracked 
|  58|0x0000000083a00000, 0x0000000083b00000, 0x0000000083b00000|100%| O|  |TAMS 0x0000000083b00000, 0x0000000083a00000| Untracked 
|  59|0x0000000083b00000, 0x0000000083c00000, 0x0000000083c00000|100%| O|  |TAMS 0x0000000083c00000, 0x0000000083b00000| Untracked 
|  60|0x0000000083c00000, 0x0000000083d00000, 0x0000000083d00000|100%| O|  |TAMS 0x0000000083d00000, 0x0000000083c00000| Untracked 
|  61|0x0000000083d00000, 0x0000000083e00000, 0x0000000083e00000|100%| O|  |TAMS 0x0000000083e00000, 0x0000000083d00000| Untracked 
|  62|0x0000000083e00000, 0x0000000083f00000, 0x0000000083f00000|100%| O|  |TAMS 0x0000000083f00000, 0x0000000083e00000| Untracked 
|  63|0x0000000083f00000, 0x0000000084000000, 0x0000000084000000|100%| O|  |TAMS 0x0000000084000000, 0x0000000083f00000| Untracked 
|  64|0x0000000084000000, 0x0000000084100000, 0x0000000084100000|100%| O|  |TAMS 0x0000000084100000, 0x0000000084000000| Untracked 
|  65|0x0000000084100000, 0x0000000084200000, 0x0000000084200000|100%| O|  |TAMS 0x0000000084200000, 0x0000000084100000| Untracked 
|  66|0x0000000084200000, 0x0000000084300000, 0x0000000084300000|100%|HS|  |TAMS 0x0000000084300000, 0x0000000084200000| Complete 
|  67|0x0000000084300000, 0x0000000084400000, 0x0000000084400000|100%|HC|  |TAMS 0x0000000084400000, 0x0000000084300000| Complete 
|  68|0x0000000084400000, 0x0000000084500000, 0x0000000084500000|100%|HC|  |TAMS 0x0000000084500000, 0x0000000084400000| Complete 
|  69|0x0000000084500000, 0x0000000084600000, 0x0000000084600000|100%|HC|  |TAMS 0x0000000084600000, 0x0000000084500000| Complete 
|  70|0x0000000084600000, 0x0000000084700000, 0x0000000084700000|100%| O|  |TAMS 0x0000000084700000, 0x0000000084600000| Untracked 
|  71|0x0000000084700000, 0x0000000084800000, 0x0000000084800000|100%| O|  |TAMS 0x0000000084800000, 0x0000000084700000| Untracked 
|  72|0x0000000084800000, 0x0000000084900000, 0x0000000084900000|100%| O|  |TAMS 0x0000000084900000, 0x0000000084800000| Untracked 
|  73|0x0000000084900000, 0x0000000084a00000, 0x0000000084a00000|100%| O|  |TAMS 0x0000000084a00000, 0x0000000084900000| Untracked 
|  74|0x0000000084a00000, 0x0000000084b00000, 0x0000000084b00000|100%| O|  |TAMS 0x0000000084b00000, 0x0000000084a00000| Untracked 
|  75|0x0000000084b00000, 0x0000000084c00000, 0x0000000084c00000|100%| O|  |TAMS 0x0000000084c00000, 0x0000000084b00000| Untracked 
|  76|0x0000000084c00000, 0x0000000084d00000, 0x0000000084d00000|100%| O|  |TAMS 0x0000000084d00000, 0x0000000084c00000| Untracked 
|  77|0x0000000084d00000, 0x0000000084e00000, 0x0000000084e00000|100%| O|  |TAMS 0x0000000084e00000, 0x0000000084d00000| Untracked 
|  78|0x0000000084e00000, 0x0000000084f00000, 0x0000000084f00000|100%| O|  |TAMS 0x0000000084f00000, 0x0000000084e00000| Untracked 
|  79|0x0000000084f00000, 0x0000000085000000, 0x0000000085000000|100%| O|  |TAMS 0x0000000085000000, 0x0000000084f00000| Untracked 
|  80|0x0000000085000000, 0x0000000085100000, 0x0000000085100000|100%| O|  |TAMS 0x0000000085100000, 0x0000000085000000| Untracked 
|  81|0x0000000085100000, 0x0000000085200000, 0x0000000085200000|100%| O|  |TAMS 0x0000000085200000, 0x0000000085100000| Untracked 
|  82|0x0000000085200000, 0x0000000085300000, 0x0000000085300000|100%| O|  |TAMS 0x0000000085300000, 0x0000000085200000| Untracked 
|  83|0x0000000085300000, 0x0000000085400000, 0x0000000085400000|100%| O|  |TAMS 0x0000000085400000, 0x0000000085300000| Untracked 
|  84|0x0000000085400000, 0x0000000085500000, 0x0000000085500000|100%| O|  |TAMS 0x0000000085500000, 0x0000000085400000| Untracked 
|  85|0x0000000085500000, 0x0000000085600000, 0x0000000085600000|100%| O|  |TAMS 0x0000000085600000, 0x0000000085500000| Untracked 
|  86|0x0000000085600000, 0x0000000085700000, 0x0000000085700000|100%| O|  |TAMS 0x0000000085700000, 0x0000000085600000| Untracked 
|  87|0x0000000085700000, 0x0000000085800000, 0x0000000085800000|100%| O|  |TAMS 0x0000000085800000, 0x0000000085700000| Untracked 
|  88|0x0000000085800000, 0x0000000085900000, 0x0000000085900000|100%| O|  |TAMS 0x0000000085900000, 0x0000000085800000| Untracked 
|  89|0x0000000085900000, 0x0000000085a00000, 0x0000000085a00000|100%| O|  |TAMS 0x0000000085a00000, 0x0000000085900000| Untracked 
|  90|0x0000000085a00000, 0x0000000085b00000, 0x0000000085b00000|100%| O|  |TAMS 0x0000000085b00000, 0x0000000085a00000| Untracked 
|  91|0x0000000085b00000, 0x0000000085c00000, 0x0000000085c00000|100%| O|  |TAMS 0x0000000085c00000, 0x0000000085b00000| Untracked 
|  92|0x0000000085c00000, 0x0000000085d00000, 0x0000000085d00000|100%| O|  |TAMS 0x0000000085d00000, 0x0000000085c00000| Untracked 
|  93|0x0000000085d00000, 0x0000000085e00000, 0x0000000085e00000|100%| O|  |TAMS 0x0000000085e00000, 0x0000000085d00000| Untracked 
|  94|0x0000000085e00000, 0x0000000085f00000, 0x0000000085f00000|100%| O|  |TAMS 0x0000000085f00000, 0x0000000085e00000| Untracked 
|  95|0x0000000085f00000, 0x0000000086000000, 0x0000000086000000|100%| O|  |TAMS 0x0000000086000000, 0x0000000085f00000| Untracked 
|  96|0x0000000086000000, 0x0000000086100000, 0x0000000086100000|100%| O|  |TAMS 0x0000000086100000, 0x0000000086000000| Untracked 
|  97|0x0000000086100000, 0x0000000086200000, 0x0000000086200000|100%| O|  |TAMS 0x0000000086200000, 0x0000000086100000| Untracked 
|  98|0x0000000086200000, 0x0000000086300000, 0x0000000086300000|100%| O|  |TAMS 0x0000000086300000, 0x0000000086200000| Untracked 
|  99|0x0000000086300000, 0x0000000086400000, 0x0000000086400000|100%|HS|  |TAMS 0x0000000086300000, 0x0000000086300000| Complete 
| 100|0x0000000086400000, 0x0000000086500000, 0x0000000086500000|100%| O|  |TAMS 0x0000000086500000, 0x0000000086400000| Untracked 
| 101|0x0000000086500000, 0x0000000086600000, 0x0000000086600000|100%| O|  |TAMS 0x0000000086600000, 0x0000000086500000| Untracked 
| 102|0x0000000086600000, 0x0000000086700000, 0x0000000086700000|100%| O|  |TAMS 0x0000000086700000, 0x0000000086600000| Untracked 
| 103|0x0000000086700000, 0x0000000086800000, 0x0000000086800000|100%| O|  |TAMS 0x0000000086800000, 0x0000000086700000| Untracked 
| 104|0x0000000086800000, 0x0000000086900000, 0x0000000086900000|100%| O|  |TAMS 0x0000000086900000, 0x0000000086800000| Untracked 
| 105|0x0000000086900000, 0x0000000086a00000, 0x0000000086a00000|100%| O|  |TAMS 0x0000000086a00000, 0x0000000086900000| Untracked 
| 106|0x0000000086a00000, 0x0000000086b00000, 0x0000000086b00000|100%| O|  |TAMS 0x0000000086b00000, 0x0000000086a00000| Untracked 
| 107|0x0000000086b00000, 0x0000000086c00000, 0x0000000086c00000|100%| O|  |TAMS 0x0000000086c00000, 0x0000000086b00000| Untracked 
| 108|0x0000000086c00000, 0x0000000086d00000, 0x0000000086d00000|100%|HS|  |TAMS 0x0000000086c00000, 0x0000000086c00000| Complete 
| 109|0x0000000086d00000, 0x0000000086e00000, 0x0000000086e00000|100%| O|  |TAMS 0x0000000086e00000, 0x0000000086d00000| Untracked 
| 110|0x0000000086e00000, 0x0000000086f00000, 0x0000000086f00000|100%| O|  |TAMS 0x0000000086f00000, 0x0000000086e00000| Untracked 
| 111|0x0000000086f00000, 0x0000000087000000, 0x0000000087000000|100%| O|  |TAMS 0x0000000087000000, 0x0000000086f00000| Untracked 
| 112|0x0000000087000000, 0x0000000087100000, 0x0000000087100000|100%| O|  |TAMS 0x0000000087100000, 0x0000000087000000| Untracked 
| 113|0x0000000087100000, 0x0000000087200000, 0x0000000087200000|100%| O|  |TAMS 0x0000000087200000, 0x0000000087100000| Untracked 
| 114|0x0000000087200000, 0x0000000087300000, 0x0000000087300000|100%| O|  |TAMS 0x0000000087300000, 0x0000000087200000| Untracked 
| 115|0x0000000087300000, 0x0000000087400000, 0x0000000087400000|100%| O|  |TAMS 0x0000000087400000, 0x0000000087300000| Untracked 
| 116|0x0000000087400000, 0x0000000087500000, 0x0000000087500000|100%| O|  |TAMS 0x0000000087500000, 0x0000000087400000| Untracked 
| 117|0x0000000087500000, 0x0000000087600000, 0x0000000087600000|100%| O|  |TAMS 0x0000000087600000, 0x0000000087500000| Untracked 
| 118|0x0000000087600000, 0x0000000087700000, 0x0000000087700000|100%| O|  |TAMS 0x0000000087700000, 0x0000000087600000| Untracked 
| 119|0x0000000087700000, 0x0000000087800000, 0x0000000087800000|100%| O|  |TAMS 0x0000000087800000, 0x0000000087700000| Untracked 
| 120|0x0000000087800000, 0x0000000087900000, 0x0000000087900000|100%| O|  |TAMS 0x0000000087900000, 0x0000000087800000| Untracked 
| 121|0x0000000087900000, 0x0000000087a00000, 0x0000000087a00000|100%|HS|  |TAMS 0x0000000087900000, 0x0000000087900000| Complete 
| 122|0x0000000087a00000, 0x0000000087b00000, 0x0000000087b00000|100%| O|  |TAMS 0x0000000087b00000, 0x0000000087a00000| Untracked 
| 123|0x0000000087b00000, 0x0000000087c00000, 0x0000000087c00000|100%| O|  |TAMS 0x0000000087c00000, 0x0000000087b00000| Untracked 
| 124|0x0000000087c00000, 0x0000000087d00000, 0x0000000087d00000|100%| O|  |TAMS 0x0000000087d00000, 0x0000000087c00000| Untracked 
| 125|0x0000000087d00000, 0x0000000087e00000, 0x0000000087e00000|100%|HS|  |TAMS 0x0000000087d00000, 0x0000000087d00000| Complete 
| 126|0x0000000087e00000, 0x0000000087f00000, 0x0000000087f00000|100%| O|  |TAMS 0x0000000087f00000, 0x0000000087e00000| Untracked 
| 127|0x0000000087f00000, 0x0000000088000000, 0x0000000088000000|100%| O|  |TAMS 0x0000000088000000, 0x0000000087f00000| Untracked 
| 128|0x0000000088000000, 0x0000000088100000, 0x0000000088100000|100%|HS|  |TAMS 0x0000000088100000, 0x0000000088000000| Complete 
| 129|0x0000000088100000, 0x0000000088200000, 0x0000000088200000|100%|HS|  |TAMS 0x0000000088200000, 0x0000000088100000| Complete 
| 130|0x0000000088200000, 0x0000000088300000, 0x0000000088300000|100%| O|  |TAMS 0x0000000088200000, 0x0000000088200000| Untracked 
| 131|0x0000000088300000, 0x0000000088400000, 0x0000000088400000|100%|HS|  |TAMS 0x0000000088400000, 0x0000000088300000| Complete 
| 132|0x0000000088400000, 0x0000000088500000, 0x0000000088500000|100%|HC|  |TAMS 0x0000000088500000, 0x0000000088400000| Complete 
| 133|0x0000000088500000, 0x0000000088600000, 0x0000000088600000|100%|HS|  |TAMS 0x0000000088600000, 0x0000000088500000| Complete 
| 134|0x0000000088600000, 0x0000000088700000, 0x0000000088700000|100%| O|  |TAMS 0x0000000088600000, 0x0000000088600000| Untracked 
| 135|0x0000000088700000, 0x0000000088800000, 0x0000000088800000|100%| O|  |TAMS 0x0000000088700000, 0x0000000088700000| Untracked 
| 136|0x0000000088800000, 0x0000000088900000, 0x0000000088900000|100%| O|  |TAMS 0x0000000088900000, 0x0000000088800000| Untracked 
| 137|0x0000000088900000, 0x0000000088a00000, 0x0000000088a00000|100%| O|  |TAMS 0x0000000088a00000, 0x0000000088900000| Untracked 
| 138|0x0000000088a00000, 0x0000000088b00000, 0x0000000088b00000|100%|HS|  |TAMS 0x0000000088a00000, 0x0000000088a00000| Complete 
| 139|0x0000000088b00000, 0x0000000088c00000, 0x0000000088c00000|100%| O|  |TAMS 0x0000000088c00000, 0x0000000088b00000| Untracked 
| 140|0x0000000088c00000, 0x0000000088d00000, 0x0000000088d00000|100%|HS|  |TAMS 0x0000000088c00000, 0x0000000088c00000| Complete 
| 141|0x0000000088d00000, 0x0000000088e00000, 0x0000000088e00000|100%|HS|  |TAMS 0x0000000088d00000, 0x0000000088d00000| Complete 
| 142|0x0000000088e00000, 0x0000000088f00000, 0x0000000088f00000|100%|HS|  |TAMS 0x0000000088e00000, 0x0000000088e00000| Complete 
| 143|0x0000000088f00000, 0x0000000089000000, 0x0000000089000000|100%|HC|  |TAMS 0x0000000088f00000, 0x0000000088f00000| Complete 
| 144|0x0000000089000000, 0x0000000089100000, 0x0000000089100000|100%| O|  |TAMS 0x0000000089000000, 0x0000000089000000| Untracked 
| 145|0x0000000089100000, 0x0000000089200000, 0x0000000089200000|100%| O|  |TAMS 0x0000000089138000, 0x0000000089100000| Untracked 
| 146|0x0000000089200000, 0x0000000089300000, 0x0000000089300000|100%| O|  |TAMS 0x0000000089200000, 0x0000000089200000| Untracked 
| 147|0x0000000089300000, 0x0000000089400000, 0x0000000089400000|100%| O|  |TAMS 0x0000000089300000, 0x0000000089300000| Untracked 
| 148|0x0000000089400000, 0x0000000089500000, 0x0000000089500000|100%| O|  |TAMS 0x0000000089400000, 0x0000000089400000| Untracked 
| 149|0x0000000089500000, 0x0000000089600000, 0x0000000089600000|100%| O|  |TAMS 0x0000000089500000, 0x0000000089500000| Untracked 
| 150|0x0000000089600000, 0x0000000089700000, 0x0000000089700000|100%|HS|  |TAMS 0x0000000089600000, 0x0000000089600000| Complete 
| 151|0x0000000089700000, 0x0000000089800000, 0x0000000089800000|100%| O|  |TAMS 0x0000000089700000, 0x0000000089700000| Untracked 
| 152|0x0000000089800000, 0x0000000089900000, 0x0000000089900000|100%| O|  |TAMS 0x0000000089800000, 0x0000000089800000| Untracked 
| 153|0x0000000089900000, 0x0000000089a00000, 0x0000000089a00000|100%|HS|  |TAMS 0x0000000089a00000, 0x0000000089900000| Complete 
| 154|0x0000000089a00000, 0x0000000089b00000, 0x0000000089b00000|100%|HC|  |TAMS 0x0000000089b00000, 0x0000000089a00000| Complete 
| 155|0x0000000089b00000, 0x0000000089c00000, 0x0000000089c00000|100%| O|  |TAMS 0x0000000089b00000, 0x0000000089b00000| Untracked 
| 156|0x0000000089c00000, 0x0000000089d00000, 0x0000000089d00000|100%|HS|  |TAMS 0x0000000089d00000, 0x0000000089c00000| Complete 
| 157|0x0000000089d00000, 0x0000000089e00000, 0x0000000089e00000|100%|HC|  |TAMS 0x0000000089e00000, 0x0000000089d00000| Complete 
| 158|0x0000000089e00000, 0x0000000089f00000, 0x0000000089f00000|100%|HS|  |TAMS 0x0000000089f00000, 0x0000000089e00000| Complete 
| 159|0x0000000089f00000, 0x000000008a000000, 0x000000008a000000|100%|HC|  |TAMS 0x000000008a000000, 0x0000000089f00000| Complete 
| 160|0x000000008a000000, 0x000000008a100000, 0x000000008a100000|100%|HC|  |TAMS 0x000000008a100000, 0x000000008a000000| Complete 
| 161|0x000000008a100000, 0x000000008a200000, 0x000000008a200000|100%| O|  |TAMS 0x000000008a200000, 0x000000008a100000| Untracked 
| 162|0x000000008a200000, 0x000000008a300000, 0x000000008a300000|100%| O|  |TAMS 0x000000008a200000, 0x000000008a200000| Untracked 
| 163|0x000000008a300000, 0x000000008a400000, 0x000000008a400000|100%| O|  |TAMS 0x000000008a400000, 0x000000008a300000| Untracked 
| 164|0x000000008a400000, 0x000000008a500000, 0x000000008a500000|100%| O|  |TAMS 0x000000008a400000, 0x000000008a400000| Untracked 
| 165|0x000000008a500000, 0x000000008a600000, 0x000000008a600000|100%| O|  |TAMS 0x000000008a500000, 0x000000008a500000| Untracked 
| 166|0x000000008a600000, 0x000000008a700000, 0x000000008a700000|100%| O|  |TAMS 0x000000008a700000, 0x000000008a600000| Untracked 
| 167|0x000000008a700000, 0x000000008a800000, 0x000000008a800000|100%| O|  |TAMS 0x000000008a700000, 0x000000008a700000| Untracked 
| 168|0x000000008a800000, 0x000000008a900000, 0x000000008a900000|100%| O|  |TAMS 0x000000008a800000, 0x000000008a800000| Untracked 
| 169|0x000000008a900000, 0x000000008aa00000, 0x000000008aa00000|100%|HS|  |TAMS 0x000000008a900000, 0x000000008a900000| Complete 
| 170|0x000000008aa00000, 0x000000008ab00000, 0x000000008ab00000|100%|HC|  |TAMS 0x000000008aa00000, 0x000000008aa00000| Complete 
| 171|0x000000008ab00000, 0x000000008ac00000, 0x000000008ac00000|100%|HS|  |TAMS 0x000000008ab00000, 0x000000008ab00000| Complete 
| 172|0x000000008ac00000, 0x000000008ad00000, 0x000000008ad00000|100%| O|  |TAMS 0x000000008ac00000, 0x000000008ac00000| Untracked 
| 173|0x000000008ad00000, 0x000000008ae00000, 0x000000008ae00000|100%|HS|  |TAMS 0x000000008ad00000, 0x000000008ad00000| Complete 
| 174|0x000000008ae00000, 0x000000008af00000, 0x000000008af00000|100%| O|  |TAMS 0x000000008ae00000, 0x000000008ae00000| Untracked 
| 175|0x000000008af00000, 0x000000008b000000, 0x000000008b000000|100%| O|  |TAMS 0x000000008b000000, 0x000000008af00000| Untracked 
| 176|0x000000008b000000, 0x000000008b100000, 0x000000008b100000|100%| O|  |TAMS 0x000000008b000000, 0x000000008b000000| Untracked 
| 177|0x000000008b100000, 0x000000008b200000, 0x000000008b200000|100%| O|  |TAMS 0x000000008b100000, 0x000000008b100000| Untracked 
| 178|0x000000008b200000, 0x000000008b300000, 0x000000008b300000|100%|HS|  |TAMS 0x000000008b200000, 0x000000008b200000| Complete 
| 179|0x000000008b300000, 0x000000008b400000, 0x000000008b400000|100%|HC|  |TAMS 0x000000008b300000, 0x000000008b300000| Complete 
| 180|0x000000008b400000, 0x000000008b500000, 0x000000008b500000|100%| O|  |TAMS 0x000000008b400000, 0x000000008b400000| Untracked 
| 181|0x000000008b500000, 0x000000008b600000, 0x000000008b600000|100%| O|  |TAMS 0x000000008b500000, 0x000000008b500000| Untracked 
| 182|0x000000008b600000, 0x000000008b700000, 0x000000008b700000|100%| O|  |TAMS 0x000000008b600000, 0x000000008b600000| Untracked 
| 183|0x000000008b700000, 0x000000008b800000, 0x000000008b800000|100%|HS|  |TAMS 0x000000008b700000, 0x000000008b700000| Complete 
| 184|0x000000008b800000, 0x000000008b900000, 0x000000008b900000|100%|HC|  |TAMS 0x000000008b800000, 0x000000008b800000| Complete 
| 185|0x000000008b900000, 0x000000008ba00000, 0x000000008ba00000|100%| O|  |TAMS 0x000000008b900000, 0x000000008b900000| Untracked 
| 186|0x000000008ba00000, 0x000000008bb00000, 0x000000008bb00000|100%| O|  |TAMS 0x000000008bb00000, 0x000000008ba00000| Untracked 
| 187|0x000000008bb00000, 0x000000008bc00000, 0x000000008bc00000|100%| O|  |TAMS 0x000000008bb00000, 0x000000008bb00000| Untracked 
| 188|0x000000008bc00000, 0x000000008bd00000, 0x000000008bd00000|100%| O|  |TAMS 0x000000008bc00000, 0x000000008bc00000| Untracked 
| 189|0x000000008bd00000, 0x000000008be00000, 0x000000008be00000|100%| O|  |TAMS 0x000000008bd00000, 0x000000008bd00000| Untracked 
| 190|0x000000008be00000, 0x000000008bf00000, 0x000000008bf00000|100%| O|  |TAMS 0x000000008be00000, 0x000000008be00000| Untracked 
| 191|0x000000008bf00000, 0x000000008c000000, 0x000000008c000000|100%| O|  |TAMS 0x000000008bf00000, 0x000000008bf00000| Untracked 
| 192|0x000000008c000000, 0x000000008c100000, 0x000000008c100000|100%|HS|  |TAMS 0x000000008c000000, 0x000000008c000000| Complete 
| 193|0x000000008c100000, 0x000000008c200000, 0x000000008c200000|100%|HC|  |TAMS 0x000000008c100000, 0x000000008c100000| Complete 
| 194|0x000000008c200000, 0x000000008c300000, 0x000000008c300000|100%|HC|  |TAMS 0x000000008c200000, 0x000000008c200000| Complete 
| 195|0x000000008c300000, 0x000000008c400000, 0x000000008c400000|100%| O|  |TAMS 0x000000008c300000, 0x000000008c300000| Untracked 
| 196|0x000000008c400000, 0x000000008c500000, 0x000000008c500000|100%| O|  |TAMS 0x000000008c400000, 0x000000008c400000| Untracked 
| 197|0x000000008c500000, 0x000000008c600000, 0x000000008c600000|100%| O|  |TAMS 0x000000008c500000, 0x000000008c500000| Untracked 
| 198|0x000000008c600000, 0x000000008c700000, 0x000000008c700000|100%| O|  |TAMS 0x000000008c600000, 0x000000008c600000| Untracked 
| 199|0x000000008c700000, 0x000000008c800000, 0x000000008c800000|100%| O|  |TAMS 0x000000008c700000, 0x000000008c700000| Untracked 
| 200|0x000000008c800000, 0x000000008c900000, 0x000000008c900000|100%| O|  |TAMS 0x000000008c800000, 0x000000008c800000| Untracked 
| 201|0x000000008c900000, 0x000000008ca00000, 0x000000008ca00000|100%| O|  |TAMS 0x000000008c900000, 0x000000008c900000| Untracked 
| 202|0x000000008ca00000, 0x000000008cb00000, 0x000000008cb00000|100%| O|  |TAMS 0x000000008cb00000, 0x000000008ca00000| Untracked 
| 203|0x000000008cb00000, 0x000000008cc00000, 0x000000008cc00000|100%| O|  |TAMS 0x000000008cb00000, 0x000000008cb00000| Untracked 
| 204|0x000000008cc00000, 0x000000008cd00000, 0x000000008cd00000|100%| O|  |TAMS 0x000000008cc00000, 0x000000008cc00000| Untracked 
| 205|0x000000008cd00000, 0x000000008ce00000, 0x000000008ce00000|100%| O|  |TAMS 0x000000008ce00000, 0x000000008cd00000| Untracked 
| 206|0x000000008ce00000, 0x000000008cf00000, 0x000000008cf00000|100%| O|  |TAMS 0x000000008cf00000, 0x000000008ce00000| Untracked 
| 207|0x000000008cf00000, 0x000000008d000000, 0x000000008d000000|100%| O|  |TAMS 0x000000008d000000, 0x000000008cf00000| Untracked 
| 208|0x000000008d000000, 0x000000008d100000, 0x000000008d100000|100%| O|  |TAMS 0x000000008d000000, 0x000000008d000000| Untracked 
| 209|0x000000008d100000, 0x000000008d200000, 0x000000008d200000|100%| O|  |TAMS 0x000000008d200000, 0x000000008d100000| Untracked 
| 210|0x000000008d200000, 0x000000008d300000, 0x000000008d300000|100%|HS|  |TAMS 0x000000008d200000, 0x000000008d200000| Complete 
| 211|0x000000008d300000, 0x000000008d400000, 0x000000008d400000|100%|HC|  |TAMS 0x000000008d300000, 0x000000008d300000| Complete 
| 212|0x000000008d400000, 0x000000008d500000, 0x000000008d500000|100%| O|  |TAMS 0x000000008d400000, 0x000000008d400000| Untracked 
| 213|0x000000008d500000, 0x000000008d600000, 0x000000008d600000|100%| O|  |TAMS 0x000000008d500000, 0x000000008d500000| Untracked 
| 214|0x000000008d600000, 0x000000008d700000, 0x000000008d700000|100%| O|  |TAMS 0x000000008d600000, 0x000000008d600000| Untracked 
| 215|0x000000008d700000, 0x000000008d800000, 0x000000008d800000|100%| O|  |TAMS 0x000000008d700000, 0x000000008d700000| Untracked 
| 216|0x000000008d800000, 0x000000008d900000, 0x000000008d900000|100%| O|  |TAMS 0x000000008d800000, 0x000000008d800000| Untracked 
| 217|0x000000008d900000, 0x000000008da00000, 0x000000008da00000|100%| O|  |TAMS 0x000000008d900000, 0x000000008d900000| Untracked 
| 218|0x000000008da00000, 0x000000008db00000, 0x000000008db00000|100%| O|  |TAMS 0x000000008da00000, 0x000000008da00000| Untracked 
| 219|0x000000008db00000, 0x000000008dc00000, 0x000000008dc00000|100%| O|  |TAMS 0x000000008db00000, 0x000000008db00000| Untracked 
| 220|0x000000008dc00000, 0x000000008dd00000, 0x000000008dd00000|100%| O|  |TAMS 0x000000008dc00000, 0x000000008dc00000| Untracked 
| 221|0x000000008dd00000, 0x000000008de00000, 0x000000008de00000|100%| O|  |TAMS 0x000000008dd00000, 0x000000008dd00000| Untracked 
| 222|0x000000008de00000, 0x000000008df00000, 0x000000008df00000|100%| O|  |TAMS 0x000000008de00000, 0x000000008de00000| Untracked 
| 223|0x000000008df00000, 0x000000008e000000, 0x000000008e000000|100%| O|  |TAMS 0x000000008e000000, 0x000000008df00000| Untracked 
| 224|0x000000008e000000, 0x000000008e100000, 0x000000008e100000|100%| O|  |TAMS 0x000000008e100000, 0x000000008e000000| Untracked 
| 225|0x000000008e100000, 0x000000008e200000, 0x000000008e200000|100%| O|  |TAMS 0x000000008e200000, 0x000000008e100000| Untracked 
| 226|0x000000008e200000, 0x000000008e300000, 0x000000008e300000|100%| O|  |TAMS 0x000000008e300000, 0x000000008e200000| Untracked 
| 227|0x000000008e300000, 0x000000008e400000, 0x000000008e400000|100%| O|  |TAMS 0x000000008e400000, 0x000000008e300000| Untracked 
| 228|0x000000008e400000, 0x000000008e500000, 0x000000008e500000|100%| O|  |TAMS 0x000000008e400000, 0x000000008e400000| Untracked 
| 229|0x000000008e500000, 0x000000008e600000, 0x000000008e600000|100%| O|  |TAMS 0x000000008e500000, 0x000000008e500000| Untracked 
| 230|0x000000008e600000, 0x000000008e700000, 0x000000008e700000|100%| O|  |TAMS 0x000000008e600000, 0x000000008e600000| Untracked 
| 231|0x000000008e700000, 0x000000008e800000, 0x000000008e800000|100%| O|  |TAMS 0x000000008e700000, 0x000000008e700000| Untracked 
| 232|0x000000008e800000, 0x000000008e900000, 0x000000008e900000|100%| O|  |TAMS 0x000000008e800000, 0x000000008e800000| Untracked 
| 233|0x000000008e900000, 0x000000008ea00000, 0x000000008ea00000|100%| O|  |TAMS 0x000000008e900000, 0x000000008e900000| Untracked 
| 234|0x000000008ea00000, 0x000000008eb00000, 0x000000008eb00000|100%| O|  |TAMS 0x000000008ea00000, 0x000000008ea00000| Untracked 
| 235|0x000000008eb00000, 0x000000008ec00000, 0x000000008ec00000|100%| O|  |TAMS 0x000000008eb00000, 0x000000008eb00000| Untracked 
| 236|0x000000008ec00000, 0x000000008ed00000, 0x000000008ed00000|100%| O|  |TAMS 0x000000008ec00000, 0x000000008ec00000| Untracked 
| 237|0x000000008ed00000, 0x000000008ee00000, 0x000000008ee00000|100%| O|  |TAMS 0x000000008ed00000, 0x000000008ed00000| Untracked 
| 238|0x000000008ee00000, 0x000000008ef00000, 0x000000008ef00000|100%| O|  |TAMS 0x000000008ee00000, 0x000000008ee00000| Untracked 
| 239|0x000000008ef00000, 0x000000008f000000, 0x000000008f000000|100%| O|  |TAMS 0x000000008ef00000, 0x000000008ef00000| Untracked 
| 240|0x000000008f000000, 0x000000008f100000, 0x000000008f100000|100%| O|  |TAMS 0x000000008f000000, 0x000000008f000000| Untracked 
| 241|0x000000008f100000, 0x000000008f200000, 0x000000008f200000|100%| O|  |TAMS 0x000000008f100000, 0x000000008f100000| Untracked 
| 242|0x000000008f200000, 0x000000008f300000, 0x000000008f300000|100%| O|  |TAMS 0x000000008f200000, 0x000000008f200000| Untracked 
| 243|0x000000008f300000, 0x000000008f400000, 0x000000008f400000|100%| O|  |TAMS 0x000000008f300000, 0x000000008f300000| Untracked 
| 244|0x000000008f400000, 0x000000008f500000, 0x000000008f500000|100%| O|  |TAMS 0x000000008f400000, 0x000000008f400000| Untracked 
| 245|0x000000008f500000, 0x000000008f600000, 0x000000008f600000|100%| O|  |TAMS 0x000000008f600000, 0x000000008f500000| Untracked 
| 246|0x000000008f600000, 0x000000008f700000, 0x000000008f700000|100%| O|  |TAMS 0x000000008f700000, 0x000000008f600000| Untracked 
| 247|0x000000008f700000, 0x000000008f800000, 0x000000008f800000|100%| O|  |TAMS 0x000000008f800000, 0x000000008f700000| Untracked 
| 248|0x000000008f800000, 0x000000008f900000, 0x000000008f900000|100%| O|  |TAMS 0x000000008f800000, 0x000000008f800000| Untracked 
| 249|0x000000008f900000, 0x000000008fa00000, 0x000000008fa00000|100%| O|  |TAMS 0x000000008f900000, 0x000000008f900000| Untracked 
| 250|0x000000008fa00000, 0x000000008fb00000, 0x000000008fb00000|100%|HS|  |TAMS 0x000000008fa00000, 0x000000008fa00000| Complete 
| 251|0x000000008fb00000, 0x000000008fc00000, 0x000000008fc00000|100%|HS|  |TAMS 0x000000008fb00000, 0x000000008fb00000| Complete 
| 252|0x000000008fc00000, 0x000000008fd00000, 0x000000008fd00000|100%|HS|  |TAMS 0x000000008fc00000, 0x000000008fc00000| Complete 
| 253|0x000000008fd00000, 0x000000008fe00000, 0x000000008fe00000|100%| O|  |TAMS 0x000000008fe00000, 0x000000008fd00000| Untracked 
| 254|0x000000008fe00000, 0x000000008fe00000, 0x000000008ff00000|  0%| F|  |TAMS 0x000000008fe00000, 0x000000008fe00000| Untracked 
| 255|0x000000008ff00000, 0x0000000090000000, 0x0000000090000000|100%| O|  |TAMS 0x0000000090000000, 0x000000008ff00000| Untracked 
| 256|0x0000000090000000, 0x0000000090100000, 0x0000000090100000|100%|HS|  |TAMS 0x0000000090000000, 0x0000000090000000| Complete 
| 257|0x0000000090100000, 0x0000000090200000, 0x0000000090200000|100%|HC|  |TAMS 0x0000000090100000, 0x0000000090100000| Complete 
| 258|0x0000000090200000, 0x0000000090300000, 0x0000000090300000|100%| O|  |TAMS 0x0000000090300000, 0x0000000090200000| Untracked 
| 259|0x0000000090300000, 0x0000000090400000, 0x0000000090400000|100%|HS|  |TAMS 0x0000000090300000, 0x0000000090300000| Complete 
| 260|0x0000000090400000, 0x0000000090500000, 0x0000000090500000|100%| O|  |TAMS 0x0000000090500000, 0x0000000090400000| Untracked 
| 261|0x0000000090500000, 0x0000000090500000, 0x0000000090600000|  0%| F|  |TAMS 0x0000000090500000, 0x0000000090500000| Untracked 
| 262|0x0000000090600000, 0x0000000090700000, 0x0000000090700000|100%| O|  |TAMS 0x0000000090700000, 0x0000000090600000| Untracked 
| 263|0x0000000090700000, 0x0000000090800000, 0x0000000090800000|100%| O|  |TAMS 0x0000000090800000, 0x0000000090700000| Untracked 
| 264|0x0000000090800000, 0x0000000090900000, 0x0000000090900000|100%| O|  |TAMS 0x0000000090900000, 0x0000000090800000| Untracked 
| 265|0x0000000090900000, 0x0000000090a00000, 0x0000000090a00000|100%| O|  |TAMS 0x0000000090a00000, 0x0000000090900000| Untracked 
| 266|0x0000000090a00000, 0x0000000090b00000, 0x0000000090b00000|100%| O|  |TAMS 0x0000000090b00000, 0x0000000090a00000| Untracked 
| 267|0x0000000090b00000, 0x0000000090c00000, 0x0000000090c00000|100%| O|  |TAMS 0x0000000090c00000, 0x0000000090b00000| Untracked 
| 268|0x0000000090c00000, 0x0000000090d00000, 0x0000000090d00000|100%| O|  |TAMS 0x0000000090d00000, 0x0000000090c00000| Untracked 
| 269|0x0000000090d00000, 0x0000000090e00000, 0x0000000090e00000|100%| O|  |TAMS 0x0000000090e00000, 0x0000000090d00000| Untracked 
| 270|0x0000000090e00000, 0x0000000090f00000, 0x0000000090f00000|100%| O|  |TAMS 0x0000000090f00000, 0x0000000090e00000| Untracked 
| 271|0x0000000090f00000, 0x0000000091000000, 0x0000000091000000|100%| O|  |TAMS 0x0000000091000000, 0x0000000090f00000| Untracked 
| 272|0x0000000091000000, 0x0000000091100000, 0x0000000091100000|100%| O|  |TAMS 0x0000000091100000, 0x0000000091000000| Untracked 
| 273|0x0000000091100000, 0x0000000091200000, 0x0000000091200000|100%| O|  |TAMS 0x0000000091200000, 0x0000000091100000| Untracked 
| 274|0x0000000091200000, 0x0000000091300000, 0x0000000091300000|100%| O|  |TAMS 0x0000000091300000, 0x0000000091200000| Untracked 
| 275|0x0000000091300000, 0x0000000091400000, 0x0000000091400000|100%| O|  |TAMS 0x0000000091400000, 0x0000000091300000| Untracked 
| 276|0x0000000091400000, 0x0000000091400000, 0x0000000091500000|  0%| F|  |TAMS 0x0000000091400000, 0x0000000091400000| Untracked 
| 277|0x0000000091500000, 0x0000000091500000, 0x0000000091600000|  0%| F|  |TAMS 0x0000000091500000, 0x0000000091500000| Untracked 
| 278|0x0000000091600000, 0x0000000091600000, 0x0000000091700000|  0%| F|  |TAMS 0x0000000091600000, 0x0000000091600000| Untracked 
| 279|0x0000000091700000, 0x0000000091700000, 0x0000000091800000|  0%| F|  |TAMS 0x0000000091700000, 0x0000000091700000| Untracked 
| 280|0x0000000091800000, 0x0000000091900000, 0x0000000091900000|100%| O|  |TAMS 0x0000000091900000, 0x0000000091800000| Untracked 
| 281|0x0000000091900000, 0x0000000091a00000, 0x0000000091a00000|100%| O|  |TAMS 0x0000000091a00000, 0x0000000091900000| Untracked 
| 282|0x0000000091a00000, 0x0000000091b00000, 0x0000000091b00000|100%| O|  |TAMS 0x0000000091b00000, 0x0000000091a00000| Untracked 
| 283|0x0000000091b00000, 0x0000000091c00000, 0x0000000091c00000|100%| O|  |TAMS 0x0000000091c00000, 0x0000000091b00000| Untracked 
| 284|0x0000000091c00000, 0x0000000091d00000, 0x0000000091d00000|100%| O|  |TAMS 0x0000000091d00000, 0x0000000091c00000| Untracked 
| 285|0x0000000091d00000, 0x0000000091e00000, 0x0000000091e00000|100%|HS|  |TAMS 0x0000000091d00000, 0x0000000091d00000| Complete 
| 286|0x0000000091e00000, 0x0000000091f00000, 0x0000000091f00000|100%| O|  |TAMS 0x0000000091e00000, 0x0000000091e00000| Untracked 
| 287|0x0000000091f00000, 0x0000000092000000, 0x0000000092000000|100%| O|  |TAMS 0x0000000091f00000, 0x0000000091f00000| Untracked 
| 288|0x0000000092000000, 0x0000000092100000, 0x0000000092100000|100%| O|  |TAMS 0x0000000092000000, 0x0000000092000000| Untracked 
| 289|0x0000000092100000, 0x0000000092200000, 0x0000000092200000|100%| O|  |TAMS 0x0000000092100000, 0x0000000092100000| Untracked 
| 290|0x0000000092200000, 0x0000000092300000, 0x0000000092300000|100%| O|  |TAMS 0x0000000092200000, 0x0000000092200000| Untracked 
| 291|0x0000000092300000, 0x0000000092400000, 0x0000000092400000|100%| O|  |TAMS 0x0000000092300000, 0x0000000092300000| Untracked 
| 292|0x0000000092400000, 0x0000000092500000, 0x0000000092500000|100%| O|  |TAMS 0x0000000092400000, 0x0000000092400000| Untracked 
| 293|0x0000000092500000, 0x0000000092600000, 0x0000000092600000|100%| O|  |TAMS 0x0000000092500000, 0x0000000092500000| Untracked 
| 294|0x0000000092600000, 0x0000000092700000, 0x0000000092700000|100%| O|  |TAMS 0x0000000092600000, 0x0000000092600000| Untracked 
| 295|0x0000000092700000, 0x0000000092800000, 0x0000000092800000|100%| O|  |TAMS 0x0000000092700000, 0x0000000092700000| Untracked 
| 296|0x0000000092800000, 0x0000000092900000, 0x0000000092900000|100%| O|  |TAMS 0x0000000092800000, 0x0000000092800000| Untracked 
| 297|0x0000000092900000, 0x0000000092a00000, 0x0000000092a00000|100%| O|  |TAMS 0x0000000092900000, 0x0000000092900000| Untracked 
| 298|0x0000000092a00000, 0x0000000092b00000, 0x0000000092b00000|100%| O|  |TAMS 0x0000000092a00000, 0x0000000092a00000| Untracked 
| 299|0x0000000092b00000, 0x0000000092c00000, 0x0000000092c00000|100%| O|  |TAMS 0x0000000092b00000, 0x0000000092b00000| Untracked 
| 300|0x0000000092c00000, 0x0000000092d00000, 0x0000000092d00000|100%| O|  |TAMS 0x0000000092c00000, 0x0000000092c00000| Untracked 
| 301|0x0000000092d00000, 0x0000000092e00000, 0x0000000092e00000|100%| O|  |TAMS 0x0000000092d00000, 0x0000000092d00000| Untracked 
| 302|0x0000000092e00000, 0x0000000092f00000, 0x0000000092f00000|100%| O|  |TAMS 0x0000000092e00000, 0x0000000092e00000| Untracked 
| 303|0x0000000092f00000, 0x0000000093000000, 0x0000000093000000|100%| O|  |TAMS 0x0000000092f00000, 0x0000000092f00000| Untracked 
| 304|0x0000000093000000, 0x0000000093100000, 0x0000000093100000|100%| O|  |TAMS 0x0000000093000000, 0x0000000093000000| Untracked 
| 305|0x0000000093100000, 0x0000000093200000, 0x0000000093200000|100%| O|  |TAMS 0x0000000093100000, 0x0000000093100000| Untracked 
| 306|0x0000000093200000, 0x0000000093300000, 0x0000000093300000|100%| O|  |TAMS 0x0000000093200000, 0x0000000093200000| Untracked 
| 307|0x0000000093300000, 0x0000000093400000, 0x0000000093400000|100%| O|  |TAMS 0x0000000093300000, 0x0000000093300000| Untracked 
| 308|0x0000000093400000, 0x0000000093500000, 0x0000000093500000|100%| O|  |TAMS 0x0000000093400000, 0x0000000093400000| Untracked 
| 309|0x0000000093500000, 0x0000000093600000, 0x0000000093600000|100%| O|  |TAMS 0x0000000093500000, 0x0000000093500000| Untracked 
| 310|0x0000000093600000, 0x0000000093700000, 0x0000000093700000|100%| O|  |TAMS 0x0000000093600000, 0x0000000093600000| Untracked 
| 311|0x0000000093700000, 0x0000000093800000, 0x0000000093800000|100%| O|  |TAMS 0x0000000093700000, 0x0000000093700000| Untracked 
| 312|0x0000000093800000, 0x0000000093900000, 0x0000000093900000|100%| O|  |TAMS 0x0000000093800000, 0x0000000093800000| Untracked 
| 313|0x0000000093900000, 0x0000000093a00000, 0x0000000093a00000|100%| O|  |TAMS 0x0000000093900000, 0x0000000093900000| Untracked 
| 314|0x0000000093a00000, 0x0000000093b00000, 0x0000000093b00000|100%| O|  |TAMS 0x0000000093a00000, 0x0000000093a00000| Untracked 
| 315|0x0000000093b00000, 0x0000000093c00000, 0x0000000093c00000|100%| O|  |TAMS 0x0000000093b00000, 0x0000000093b00000| Untracked 
| 316|0x0000000093c00000, 0x0000000093d00000, 0x0000000093d00000|100%| O|  |TAMS 0x0000000093c00000, 0x0000000093c00000| Untracked 
| 317|0x0000000093d00000, 0x0000000093e00000, 0x0000000093e00000|100%| O|  |TAMS 0x0000000093d00000, 0x0000000093d00000| Untracked 
| 318|0x0000000093e00000, 0x0000000093f00000, 0x0000000093f00000|100%| O|  |TAMS 0x0000000093e00000, 0x0000000093e00000| Untracked 
| 319|0x0000000093f00000, 0x0000000094000000, 0x0000000094000000|100%| O|  |TAMS 0x0000000093f00000, 0x0000000093f00000| Untracked 
| 320|0x0000000094000000, 0x0000000094100000, 0x0000000094100000|100%| O|  |TAMS 0x0000000094000000, 0x0000000094000000| Untracked 
| 321|0x0000000094100000, 0x0000000094200000, 0x0000000094200000|100%| O|  |TAMS 0x0000000094100000, 0x0000000094100000| Untracked 
| 322|0x0000000094200000, 0x0000000094300000, 0x0000000094300000|100%| O|  |TAMS 0x0000000094200000, 0x0000000094200000| Untracked 
| 323|0x0000000094300000, 0x0000000094400000, 0x0000000094400000|100%| O|  |TAMS 0x0000000094300000, 0x0000000094300000| Untracked 
| 324|0x0000000094400000, 0x0000000094500000, 0x0000000094500000|100%| O|  |TAMS 0x0000000094400000, 0x0000000094400000| Untracked 
| 325|0x0000000094500000, 0x0000000094600000, 0x0000000094600000|100%| O|  |TAMS 0x0000000094500000, 0x0000000094500000| Untracked 
| 326|0x0000000094600000, 0x0000000094700000, 0x0000000094700000|100%| O|  |TAMS 0x0000000094600000, 0x0000000094600000| Untracked 
| 327|0x0000000094700000, 0x0000000094800000, 0x0000000094800000|100%| O|  |TAMS 0x0000000094700000, 0x0000000094700000| Untracked 
| 328|0x0000000094800000, 0x0000000094900000, 0x0000000094900000|100%| O|  |TAMS 0x0000000094800000, 0x0000000094800000| Untracked 
| 329|0x0000000094900000, 0x0000000094918e00, 0x0000000094a00000|  9%| O|  |TAMS 0x0000000094900000, 0x0000000094900000| Untracked 
| 330|0x0000000094a00000, 0x0000000094a00000, 0x0000000094b00000|  0%| F|  |TAMS 0x0000000094a00000, 0x0000000094a00000| Untracked 
| 331|0x0000000094b00000, 0x0000000094b00000, 0x0000000094c00000|  0%| F|  |TAMS 0x0000000094b00000, 0x0000000094b00000| Untracked 
| 332|0x0000000094c00000, 0x0000000094c00000, 0x0000000094d00000|  0%| F|  |TAMS 0x0000000094c00000, 0x0000000094c00000| Untracked 
| 333|0x0000000094d00000, 0x0000000094d00000, 0x0000000094e00000|  0%| F|  |TAMS 0x0000000094d00000, 0x0000000094d00000| Untracked 
| 334|0x0000000094e00000, 0x0000000094e00000, 0x0000000094f00000|  0%| F|  |TAMS 0x0000000094e00000, 0x0000000094e00000| Untracked 
| 335|0x0000000094f00000, 0x0000000094f00000, 0x0000000095000000|  0%| F|  |TAMS 0x0000000094f00000, 0x0000000094f00000| Untracked 
| 336|0x0000000095000000, 0x0000000095100000, 0x0000000095100000|100%|HS|  |TAMS 0x0000000095000000, 0x0000000095000000| Complete 
| 337|0x0000000095100000, 0x0000000095100000, 0x0000000095200000|  0%| F|  |TAMS 0x0000000095100000, 0x0000000095100000| Untracked 
| 338|0x0000000095200000, 0x0000000095200000, 0x0000000095300000|  0%| F|  |TAMS 0x0000000095200000, 0x0000000095200000| Untracked 
| 339|0x0000000095300000, 0x0000000095300000, 0x0000000095400000|  0%| F|  |TAMS 0x0000000095300000, 0x0000000095300000| Untracked 
| 340|0x0000000095400000, 0x0000000095400000, 0x0000000095500000|  0%| F|  |TAMS 0x0000000095400000, 0x0000000095400000| Untracked 
| 341|0x0000000095500000, 0x0000000095500000, 0x0000000095600000|  0%| F|  |TAMS 0x0000000095500000, 0x0000000095500000| Untracked 
| 342|0x0000000095600000, 0x0000000095600000, 0x0000000095700000|  0%| F|  |TAMS 0x0000000095600000, 0x0000000095600000| Untracked 
| 343|0x0000000095700000, 0x0000000095700000, 0x0000000095800000|  0%| F|  |TAMS 0x0000000095700000, 0x0000000095700000| Untracked 
| 344|0x0000000095800000, 0x0000000095800000, 0x0000000095900000|  0%| F|  |TAMS 0x0000000095800000, 0x0000000095800000| Untracked 
| 345|0x0000000095900000, 0x0000000095900000, 0x0000000095a00000|  0%| F|  |TAMS 0x0000000095900000, 0x0000000095900000| Untracked 
| 346|0x0000000095a00000, 0x0000000095a00000, 0x0000000095b00000|  0%| F|  |TAMS 0x0000000095a00000, 0x0000000095a00000| Untracked 
| 347|0x0000000095b00000, 0x0000000095b00000, 0x0000000095c00000|  0%| F|  |TAMS 0x0000000095b00000, 0x0000000095b00000| Untracked 
| 348|0x0000000095c00000, 0x0000000095c00000, 0x0000000095d00000|  0%| F|  |TAMS 0x0000000095c00000, 0x0000000095c00000| Untracked 
| 349|0x0000000095d00000, 0x0000000095d00000, 0x0000000095e00000|  0%| F|  |TAMS 0x0000000095d00000, 0x0000000095d00000| Untracked 
| 350|0x0000000095e00000, 0x0000000095e00000, 0x0000000095f00000|  0%| F|  |TAMS 0x0000000095e00000, 0x0000000095e00000| Untracked 
| 351|0x0000000095f00000, 0x0000000095f00000, 0x0000000096000000|  0%| F|  |TAMS 0x0000000095f00000, 0x0000000095f00000| Untracked 
| 352|0x0000000096000000, 0x0000000096000000, 0x0000000096100000|  0%| F|  |TAMS 0x0000000096000000, 0x0000000096000000| Untracked 
| 353|0x0000000096100000, 0x0000000096100000, 0x0000000096200000|  0%| F|  |TAMS 0x0000000096100000, 0x0000000096100000| Untracked 
| 354|0x0000000096200000, 0x0000000096200000, 0x0000000096300000|  0%| F|  |TAMS 0x0000000096200000, 0x0000000096200000| Untracked 
| 355|0x0000000096300000, 0x0000000096300000, 0x0000000096400000|  0%| F|  |TAMS 0x0000000096300000, 0x0000000096300000| Untracked 
| 356|0x0000000096400000, 0x0000000096400000, 0x0000000096500000|  0%| F|  |TAMS 0x0000000096400000, 0x0000000096400000| Untracked 
| 357|0x0000000096500000, 0x0000000096500000, 0x0000000096600000|  0%| F|  |TAMS 0x0000000096500000, 0x0000000096500000| Untracked 
| 358|0x0000000096600000, 0x0000000096600000, 0x0000000096700000|  0%| F|  |TAMS 0x0000000096600000, 0x0000000096600000| Untracked 
| 359|0x0000000096700000, 0x0000000096700000, 0x0000000096800000|  0%| F|  |TAMS 0x0000000096700000, 0x0000000096700000| Untracked 
| 360|0x0000000096800000, 0x0000000096800000, 0x0000000096900000|  0%| F|  |TAMS 0x0000000096800000, 0x0000000096800000| Untracked 
| 361|0x0000000096900000, 0x0000000096900000, 0x0000000096a00000|  0%| F|  |TAMS 0x0000000096900000, 0x0000000096900000| Untracked 
| 362|0x0000000096a00000, 0x0000000096a00000, 0x0000000096b00000|  0%| F|  |TAMS 0x0000000096a00000, 0x0000000096a00000| Untracked 
| 363|0x0000000096b00000, 0x0000000096b00000, 0x0000000096c00000|  0%| F|  |TAMS 0x0000000096b00000, 0x0000000096b00000| Untracked 
| 364|0x0000000096c00000, 0x0000000096c00000, 0x0000000096d00000|  0%| F|  |TAMS 0x0000000096c00000, 0x0000000096c00000| Untracked 
| 365|0x0000000096d00000, 0x0000000096d00000, 0x0000000096e00000|  0%| F|  |TAMS 0x0000000096d00000, 0x0000000096d00000| Untracked 
| 366|0x0000000096e00000, 0x0000000096e00000, 0x0000000096f00000|  0%| F|  |TAMS 0x0000000096e00000, 0x0000000096e00000| Untracked 
| 367|0x0000000096f00000, 0x0000000096f00000, 0x0000000097000000|  0%| F|  |TAMS 0x0000000096f00000, 0x0000000096f00000| Untracked 
| 368|0x0000000097000000, 0x0000000097000000, 0x0000000097100000|  0%| F|  |TAMS 0x0000000097000000, 0x0000000097000000| Untracked 
| 369|0x0000000097100000, 0x0000000097100000, 0x0000000097200000|  0%| F|  |TAMS 0x0000000097100000, 0x0000000097100000| Untracked 
| 370|0x0000000097200000, 0x0000000097200000, 0x0000000097300000|  0%| F|  |TAMS 0x0000000097200000, 0x0000000097200000| Untracked 
| 371|0x0000000097300000, 0x0000000097300000, 0x0000000097400000|  0%| F|  |TAMS 0x0000000097300000, 0x0000000097300000| Untracked 
| 372|0x0000000097400000, 0x0000000097400000, 0x0000000097500000|  0%| F|  |TAMS 0x0000000097400000, 0x0000000097400000| Untracked 
| 373|0x0000000097500000, 0x0000000097500000, 0x0000000097600000|  0%| F|  |TAMS 0x0000000097500000, 0x0000000097500000| Untracked 
| 374|0x0000000097600000, 0x0000000097600000, 0x0000000097700000|  0%| F|  |TAMS 0x0000000097600000, 0x0000000097600000| Untracked 
| 375|0x0000000097700000, 0x0000000097700000, 0x0000000097800000|  0%| F|  |TAMS 0x0000000097700000, 0x0000000097700000| Untracked 
| 376|0x0000000097800000, 0x0000000097800000, 0x0000000097900000|  0%| F|  |TAMS 0x0000000097800000, 0x0000000097800000| Untracked 
| 377|0x0000000097900000, 0x0000000097900000, 0x0000000097a00000|  0%| F|  |TAMS 0x0000000097900000, 0x0000000097900000| Untracked 
| 378|0x0000000097a00000, 0x0000000097a00000, 0x0000000097b00000|  0%| F|  |TAMS 0x0000000097a00000, 0x0000000097a00000| Untracked 
| 379|0x0000000097b00000, 0x0000000097b00000, 0x0000000097c00000|  0%| F|  |TAMS 0x0000000097b00000, 0x0000000097b00000| Untracked 
| 380|0x0000000097c00000, 0x0000000097c00000, 0x0000000097d00000|  0%| F|  |TAMS 0x0000000097c00000, 0x0000000097c00000| Untracked 
| 381|0x0000000097d00000, 0x0000000097d00000, 0x0000000097e00000|  0%| F|  |TAMS 0x0000000097d00000, 0x0000000097d00000| Untracked 
| 382|0x0000000097e00000, 0x0000000097e00000, 0x0000000097f00000|  0%| F|  |TAMS 0x0000000097e00000, 0x0000000097e00000| Untracked 
| 383|0x0000000097f00000, 0x0000000097f00000, 0x0000000098000000|  0%| F|  |TAMS 0x0000000097f00000, 0x0000000097f00000| Untracked 
| 384|0x0000000098000000, 0x0000000098000000, 0x0000000098100000|  0%| F|  |TAMS 0x0000000098000000, 0x0000000098000000| Untracked 
| 385|0x0000000098100000, 0x0000000098100000, 0x0000000098200000|  0%| F|  |TAMS 0x0000000098100000, 0x0000000098100000| Untracked 
| 386|0x0000000098200000, 0x0000000098200000, 0x0000000098300000|  0%| F|  |TAMS 0x0000000098200000, 0x0000000098200000| Untracked 
| 387|0x0000000098300000, 0x0000000098300000, 0x0000000098400000|  0%| F|  |TAMS 0x0000000098300000, 0x0000000098300000| Untracked 
| 388|0x0000000098400000, 0x0000000098400000, 0x0000000098500000|  0%| F|  |TAMS 0x0000000098400000, 0x0000000098400000| Untracked 
| 389|0x0000000098500000, 0x0000000098500000, 0x0000000098600000|  0%| F|  |TAMS 0x0000000098500000, 0x0000000098500000| Untracked 
| 390|0x0000000098600000, 0x0000000098600000, 0x0000000098700000|  0%| F|  |TAMS 0x0000000098600000, 0x0000000098600000| Untracked 
| 391|0x0000000098700000, 0x0000000098700000, 0x0000000098800000|  0%| F|  |TAMS 0x0000000098700000, 0x0000000098700000| Untracked 
| 392|0x0000000098800000, 0x0000000098800000, 0x0000000098900000|  0%| F|  |TAMS 0x0000000098800000, 0x0000000098800000| Untracked 
| 393|0x0000000098900000, 0x0000000098900000, 0x0000000098a00000|  0%| F|  |TAMS 0x0000000098900000, 0x0000000098900000| Untracked 
| 394|0x0000000098a00000, 0x0000000098a00000, 0x0000000098b00000|  0%| F|  |TAMS 0x0000000098a00000, 0x0000000098a00000| Untracked 
| 395|0x0000000098b00000, 0x0000000098b00000, 0x0000000098c00000|  0%| F|  |TAMS 0x0000000098b00000, 0x0000000098b00000| Untracked 
| 396|0x0000000098c00000, 0x0000000098c00000, 0x0000000098d00000|  0%| F|  |TAMS 0x0000000098c00000, 0x0000000098c00000| Untracked 
| 397|0x0000000098d00000, 0x0000000098d00000, 0x0000000098e00000|  0%| F|  |TAMS 0x0000000098d00000, 0x0000000098d00000| Untracked 
| 398|0x0000000098e00000, 0x0000000098e00000, 0x0000000098f00000|  0%| F|  |TAMS 0x0000000098e00000, 0x0000000098e00000| Untracked 
| 399|0x0000000098f00000, 0x0000000098f00000, 0x0000000099000000|  0%| F|  |TAMS 0x0000000098f00000, 0x0000000098f00000| Untracked 
| 400|0x0000000099000000, 0x0000000099000000, 0x0000000099100000|  0%| F|  |TAMS 0x0000000099000000, 0x0000000099000000| Untracked 
| 401|0x0000000099100000, 0x0000000099100000, 0x0000000099200000|  0%| F|  |TAMS 0x0000000099100000, 0x0000000099100000| Untracked 
| 402|0x0000000099200000, 0x0000000099200000, 0x0000000099300000|  0%| F|  |TAMS 0x0000000099200000, 0x0000000099200000| Untracked 
| 403|0x0000000099300000, 0x0000000099300000, 0x0000000099400000|  0%| F|  |TAMS 0x0000000099300000, 0x0000000099300000| Untracked 
| 404|0x0000000099400000, 0x0000000099400000, 0x0000000099500000|  0%| F|  |TAMS 0x0000000099400000, 0x0000000099400000| Untracked 
| 405|0x0000000099500000, 0x0000000099500000, 0x0000000099600000|  0%| F|  |TAMS 0x0000000099500000, 0x0000000099500000| Untracked 
| 406|0x0000000099600000, 0x0000000099600000, 0x0000000099700000|  0%| F|  |TAMS 0x0000000099600000, 0x0000000099600000| Untracked 
| 407|0x0000000099700000, 0x0000000099700000, 0x0000000099800000|  0%| F|  |TAMS 0x0000000099700000, 0x0000000099700000| Untracked 
| 408|0x0000000099800000, 0x0000000099800000, 0x0000000099900000|  0%| F|  |TAMS 0x0000000099800000, 0x0000000099800000| Untracked 
| 409|0x0000000099900000, 0x0000000099900000, 0x0000000099a00000|  0%| F|  |TAMS 0x0000000099900000, 0x0000000099900000| Untracked 
| 410|0x0000000099a00000, 0x0000000099a00000, 0x0000000099b00000|  0%| F|  |TAMS 0x0000000099a00000, 0x0000000099a00000| Untracked 
| 411|0x0000000099b00000, 0x0000000099b00000, 0x0000000099c00000|  0%| F|  |TAMS 0x0000000099b00000, 0x0000000099b00000| Untracked 
| 412|0x0000000099c00000, 0x0000000099c00000, 0x0000000099d00000|  0%| F|  |TAMS 0x0000000099c00000, 0x0000000099c00000| Untracked 
| 413|0x0000000099d00000, 0x0000000099d00000, 0x0000000099e00000|  0%| F|  |TAMS 0x0000000099d00000, 0x0000000099d00000| Untracked 
| 414|0x0000000099e00000, 0x0000000099e00000, 0x0000000099f00000|  0%| F|  |TAMS 0x0000000099e00000, 0x0000000099e00000| Untracked 
| 415|0x0000000099f00000, 0x0000000099fcd680, 0x000000009a000000| 80%| S|CS|TAMS 0x0000000099f00000, 0x0000000099f00000| Complete 
| 416|0x000000009a000000, 0x000000009a100000, 0x000000009a100000|100%| S|CS|TAMS 0x000000009a000000, 0x000000009a000000| Complete 
| 417|0x000000009a100000, 0x000000009a200000, 0x000000009a200000|100%| S|CS|TAMS 0x000000009a100000, 0x000000009a100000| Complete 
| 418|0x000000009a200000, 0x000000009a300000, 0x000000009a300000|100%| S|CS|TAMS 0x000000009a200000, 0x000000009a200000| Complete 
| 419|0x000000009a300000, 0x000000009a400000, 0x000000009a400000|100%| S|CS|TAMS 0x000000009a300000, 0x000000009a300000| Complete 
| 420|0x000000009a400000, 0x000000009a500000, 0x000000009a500000|100%| S|CS|TAMS 0x000000009a400000, 0x000000009a400000| Complete 
| 421|0x000000009a500000, 0x000000009a600000, 0x000000009a600000|100%| S|CS|TAMS 0x000000009a500000, 0x000000009a500000| Complete 
| 422|0x000000009a600000, 0x000000009a600000, 0x000000009a700000|  0%| F|  |TAMS 0x000000009a600000, 0x000000009a600000| Untracked 
| 423|0x000000009a700000, 0x000000009a700000, 0x000000009a800000|  0%| F|  |TAMS 0x000000009a700000, 0x000000009a700000| Untracked 
| 424|0x000000009a800000, 0x000000009a800000, 0x000000009a900000|  0%| F|  |TAMS 0x000000009a800000, 0x000000009a800000| Untracked 
| 425|0x000000009a900000, 0x000000009a900000, 0x000000009aa00000|  0%| F|  |TAMS 0x000000009a900000, 0x000000009a900000| Untracked 
| 426|0x000000009aa00000, 0x000000009aa00000, 0x000000009ab00000|  0%| F|  |TAMS 0x000000009aa00000, 0x000000009aa00000| Untracked 
| 427|0x000000009ab00000, 0x000000009ab00000, 0x000000009ac00000|  0%| F|  |TAMS 0x000000009ab00000, 0x000000009ab00000| Untracked 
| 428|0x000000009ac00000, 0x000000009ac00000, 0x000000009ad00000|  0%| F|  |TAMS 0x000000009ac00000, 0x000000009ac00000| Untracked 
| 429|0x000000009ad00000, 0x000000009ad00000, 0x000000009ae00000|  0%| F|  |TAMS 0x000000009ad00000, 0x000000009ad00000| Untracked 
| 430|0x000000009ae00000, 0x000000009ae00000, 0x000000009af00000|  0%| F|  |TAMS 0x000000009ae00000, 0x000000009ae00000| Untracked 
| 431|0x000000009af00000, 0x000000009af00000, 0x000000009b000000|  0%| F|  |TAMS 0x000000009af00000, 0x000000009af00000| Untracked 
| 432|0x000000009b000000, 0x000000009b000000, 0x000000009b100000|  0%| F|  |TAMS 0x000000009b000000, 0x000000009b000000| Untracked 
| 433|0x000000009b100000, 0x000000009b100000, 0x000000009b200000|  0%| F|  |TAMS 0x000000009b100000, 0x000000009b100000| Untracked 
| 434|0x000000009b200000, 0x000000009b200000, 0x000000009b300000|  0%| F|  |TAMS 0x000000009b200000, 0x000000009b200000| Untracked 
| 435|0x000000009b300000, 0x000000009b300000, 0x000000009b400000|  0%| F|  |TAMS 0x000000009b300000, 0x000000009b300000| Untracked 
| 436|0x000000009b400000, 0x000000009b400000, 0x000000009b500000|  0%| F|  |TAMS 0x000000009b400000, 0x000000009b400000| Untracked 
| 437|0x000000009b500000, 0x000000009b500000, 0x000000009b600000|  0%| F|  |TAMS 0x000000009b500000, 0x000000009b500000| Untracked 
| 438|0x000000009b600000, 0x000000009b600000, 0x000000009b700000|  0%| F|  |TAMS 0x000000009b600000, 0x000000009b600000| Untracked 
| 439|0x000000009b700000, 0x000000009b700000, 0x000000009b800000|  0%| F|  |TAMS 0x000000009b700000, 0x000000009b700000| Untracked 
| 440|0x000000009b800000, 0x000000009b900000, 0x000000009b900000|100%| S|CS|TAMS 0x000000009b800000, 0x000000009b800000| Complete 
| 441|0x000000009b900000, 0x000000009ba00000, 0x000000009ba00000|100%| S|CS|TAMS 0x000000009b900000, 0x000000009b900000| Complete 
| 442|0x000000009ba00000, 0x000000009bb00000, 0x000000009bb00000|100%| S|CS|TAMS 0x000000009ba00000, 0x000000009ba00000| Complete 
| 443|0x000000009bb00000, 0x000000009bc00000, 0x000000009bc00000|100%| S|CS|TAMS 0x000000009bb00000, 0x000000009bb00000| Complete 
| 444|0x000000009bc00000, 0x000000009bd00000, 0x000000009bd00000|100%| S|CS|TAMS 0x000000009bc00000, 0x000000009bc00000| Complete 
| 445|0x000000009bd00000, 0x000000009be00000, 0x000000009be00000|100%| S|CS|TAMS 0x000000009bd00000, 0x000000009bd00000| Complete 
| 446|0x000000009be00000, 0x000000009bf00000, 0x000000009bf00000|100%| S|CS|TAMS 0x000000009be00000, 0x000000009be00000| Complete 
| 447|0x000000009bf00000, 0x000000009c000000, 0x000000009c000000|100%| S|CS|TAMS 0x000000009bf00000, 0x000000009bf00000| Complete 
| 448|0x000000009c000000, 0x000000009c100000, 0x000000009c100000|100%| S|CS|TAMS 0x000000009c000000, 0x000000009c000000| Complete 
| 449|0x000000009c100000, 0x000000009c200000, 0x000000009c200000|100%| S|CS|TAMS 0x000000009c100000, 0x000000009c100000| Complete 
| 450|0x000000009c200000, 0x000000009c200000, 0x000000009c300000|  0%| F|  |TAMS 0x000000009c200000, 0x000000009c200000| Untracked 
| 451|0x000000009c300000, 0x000000009c300000, 0x000000009c400000|  0%| F|  |TAMS 0x000000009c300000, 0x000000009c300000| Untracked 
| 452|0x000000009c400000, 0x000000009c400000, 0x000000009c500000|  0%| F|  |TAMS 0x000000009c400000, 0x000000009c400000| Untracked 
| 453|0x000000009c500000, 0x000000009c500000, 0x000000009c600000|  0%| F|  |TAMS 0x000000009c500000, 0x000000009c500000| Untracked 
| 454|0x000000009c600000, 0x000000009c600000, 0x000000009c700000|  0%| F|  |TAMS 0x000000009c600000, 0x000000009c600000| Untracked 
| 455|0x000000009c700000, 0x000000009c700000, 0x000000009c800000|  0%| F|  |TAMS 0x000000009c700000, 0x000000009c700000| Untracked 
| 456|0x000000009c800000, 0x000000009c800000, 0x000000009c900000|  0%| F|  |TAMS 0x000000009c800000, 0x000000009c800000| Untracked 
| 457|0x000000009c900000, 0x000000009c900000, 0x000000009ca00000|  0%| F|  |TAMS 0x000000009c900000, 0x000000009c900000| Untracked 
| 458|0x000000009ca00000, 0x000000009ca00000, 0x000000009cb00000|  0%| F|  |TAMS 0x000000009ca00000, 0x000000009ca00000| Untracked 
| 459|0x000000009cb00000, 0x000000009cb00000, 0x000000009cc00000|  0%| F|  |TAMS 0x000000009cb00000, 0x000000009cb00000| Untracked 
| 460|0x000000009cc00000, 0x000000009cc00000, 0x000000009cd00000|  0%| F|  |TAMS 0x000000009cc00000, 0x000000009cc00000| Untracked 
| 461|0x000000009cd00000, 0x000000009cd00000, 0x000000009ce00000|  0%| F|  |TAMS 0x000000009cd00000, 0x000000009cd00000| Untracked 
| 462|0x000000009ce00000, 0x000000009ce00000, 0x000000009cf00000|  0%| F|  |TAMS 0x000000009ce00000, 0x000000009ce00000| Untracked 
| 463|0x000000009cf00000, 0x000000009cf00000, 0x000000009d000000|  0%| F|  |TAMS 0x000000009cf00000, 0x000000009cf00000| Untracked 
| 464|0x000000009d000000, 0x000000009d000000, 0x000000009d100000|  0%| F|  |TAMS 0x000000009d000000, 0x000000009d000000| Untracked 
| 465|0x000000009d100000, 0x000000009d100000, 0x000000009d200000|  0%| F|  |TAMS 0x000000009d100000, 0x000000009d100000| Untracked 
| 466|0x000000009d200000, 0x000000009d200000, 0x000000009d300000|  0%| F|  |TAMS 0x000000009d200000, 0x000000009d200000| Untracked 
| 467|0x000000009d300000, 0x000000009d300000, 0x000000009d400000|  0%| F|  |TAMS 0x000000009d300000, 0x000000009d300000| Untracked 
| 468|0x000000009d400000, 0x000000009d400000, 0x000000009d500000|  0%| F|  |TAMS 0x000000009d400000, 0x000000009d400000| Untracked 
| 469|0x000000009d500000, 0x000000009d500000, 0x000000009d600000|  0%| F|  |TAMS 0x000000009d500000, 0x000000009d500000| Untracked 
| 470|0x000000009d600000, 0x000000009d600000, 0x000000009d700000|  0%| F|  |TAMS 0x000000009d600000, 0x000000009d600000| Untracked 
| 471|0x000000009d700000, 0x000000009d700000, 0x000000009d800000|  0%| F|  |TAMS 0x000000009d700000, 0x000000009d700000| Untracked 
| 472|0x000000009d800000, 0x000000009d800000, 0x000000009d900000|  0%| F|  |TAMS 0x000000009d800000, 0x000000009d800000| Untracked 
| 473|0x000000009d900000, 0x000000009d900000, 0x000000009da00000|  0%| F|  |TAMS 0x000000009d900000, 0x000000009d900000| Untracked 
| 474|0x000000009da00000, 0x000000009da00000, 0x000000009db00000|  0%| F|  |TAMS 0x000000009da00000, 0x000000009da00000| Untracked 
| 475|0x000000009db00000, 0x000000009db00000, 0x000000009dc00000|  0%| F|  |TAMS 0x000000009db00000, 0x000000009db00000| Untracked 
| 476|0x000000009dc00000, 0x000000009dc00000, 0x000000009dd00000|  0%| F|  |TAMS 0x000000009dc00000, 0x000000009dc00000| Untracked 
| 477|0x000000009dd00000, 0x000000009dd00000, 0x000000009de00000|  0%| F|  |TAMS 0x000000009dd00000, 0x000000009dd00000| Untracked 
| 478|0x000000009de00000, 0x000000009de00000, 0x000000009df00000|  0%| F|  |TAMS 0x000000009de00000, 0x000000009de00000| Untracked 
| 479|0x000000009df00000, 0x000000009df00000, 0x000000009e000000|  0%| F|  |TAMS 0x000000009df00000, 0x000000009df00000| Untracked 
| 480|0x000000009e000000, 0x000000009e000000, 0x000000009e100000|  0%| F|  |TAMS 0x000000009e000000, 0x000000009e000000| Untracked 
| 481|0x000000009e100000, 0x000000009e100000, 0x000000009e200000|  0%| F|  |TAMS 0x000000009e100000, 0x000000009e100000| Untracked 
| 482|0x000000009e200000, 0x000000009e200000, 0x000000009e300000|  0%| F|  |TAMS 0x000000009e200000, 0x000000009e200000| Untracked 
| 483|0x000000009e300000, 0x000000009e300000, 0x000000009e400000|  0%| F|  |TAMS 0x000000009e300000, 0x000000009e300000| Untracked 
| 484|0x000000009e400000, 0x000000009e400000, 0x000000009e500000|  0%| F|  |TAMS 0x000000009e400000, 0x000000009e400000| Untracked 
| 485|0x000000009e500000, 0x000000009e504020, 0x000000009e600000|  1%| E|  |TAMS 0x000000009e500000, 0x000000009e500000| Complete 
| 486|0x000000009e600000, 0x000000009e700000, 0x000000009e700000|100%| E|CS|TAMS 0x000000009e600000, 0x000000009e600000| Complete 
| 487|0x000000009e700000, 0x000000009e800000, 0x000000009e800000|100%| E|CS|TAMS 0x000000009e700000, 0x000000009e700000| Complete 
| 488|0x000000009e800000, 0x000000009e900000, 0x000000009e900000|100%| E|CS|TAMS 0x000000009e800000, 0x000000009e800000| Complete 
| 489|0x000000009e900000, 0x000000009ea00000, 0x000000009ea00000|100%| E|  |TAMS 0x000000009e900000, 0x000000009e900000| Complete 
| 490|0x000000009ea00000, 0x000000009eb00000, 0x000000009eb00000|100%| E|CS|TAMS 0x000000009ea00000, 0x000000009ea00000| Complete 
| 491|0x000000009eb00000, 0x000000009ec00000, 0x000000009ec00000|100%| E|CS|TAMS 0x000000009eb00000, 0x000000009eb00000| Complete 
| 492|0x000000009ec00000, 0x000000009ed00000, 0x000000009ed00000|100%| E|CS|TAMS 0x000000009ec00000, 0x000000009ec00000| Complete 
| 493|0x000000009ed00000, 0x000000009ee00000, 0x000000009ee00000|100%| E|CS|TAMS 0x000000009ed00000, 0x000000009ed00000| Complete 
| 494|0x000000009ee00000, 0x000000009ef00000, 0x000000009ef00000|100%| E|CS|TAMS 0x000000009ee00000, 0x000000009ee00000| Complete 
| 495|0x000000009ef00000, 0x000000009f000000, 0x000000009f000000|100%| E|CS|TAMS 0x000000009ef00000, 0x000000009ef00000| Complete 
| 496|0x000000009f000000, 0x000000009f100000, 0x000000009f100000|100%| E|CS|TAMS 0x000000009f000000, 0x000000009f000000| Complete 
| 497|0x000000009f100000, 0x000000009f200000, 0x000000009f200000|100%| E|CS|TAMS 0x000000009f100000, 0x000000009f100000| Complete 
| 498|0x000000009f200000, 0x000000009f300000, 0x000000009f300000|100%| E|CS|TAMS 0x000000009f200000, 0x000000009f200000| Complete 
| 499|0x000000009f300000, 0x000000009f400000, 0x000000009f400000|100%| E|CS|TAMS 0x000000009f300000, 0x000000009f300000| Complete 
| 500|0x000000009f400000, 0x000000009f500000, 0x000000009f500000|100%| E|CS|TAMS 0x000000009f400000, 0x000000009f400000| Complete 
| 501|0x000000009f500000, 0x000000009f600000, 0x000000009f600000|100%| E|CS|TAMS 0x000000009f500000, 0x000000009f500000| Complete 
| 502|0x000000009f600000, 0x000000009f700000, 0x000000009f700000|100%| E|CS|TAMS 0x000000009f600000, 0x000000009f600000| Complete 
| 503|0x000000009f700000, 0x000000009f800000, 0x000000009f800000|100%| E|CS|TAMS 0x000000009f700000, 0x000000009f700000| Complete 
| 504|0x000000009f800000, 0x000000009f900000, 0x000000009f900000|100%| E|CS|TAMS 0x000000009f800000, 0x000000009f800000| Complete 
| 505|0x000000009f900000, 0x000000009fa00000, 0x000000009fa00000|100%| E|CS|TAMS 0x000000009f900000, 0x000000009f900000| Complete 
| 506|0x000000009fa00000, 0x000000009fb00000, 0x000000009fb00000|100%| E|CS|TAMS 0x000000009fa00000, 0x000000009fa00000| Complete 
| 507|0x000000009fb00000, 0x000000009fc00000, 0x000000009fc00000|100%| E|CS|TAMS 0x000000009fb00000, 0x000000009fb00000| Complete 
| 508|0x000000009fc00000, 0x000000009fd00000, 0x000000009fd00000|100%| E|CS|TAMS 0x000000009fc00000, 0x000000009fc00000| Complete 
| 509|0x000000009fd00000, 0x000000009fe00000, 0x000000009fe00000|100%| E|CS|TAMS 0x000000009fd00000, 0x000000009fd00000| Complete 
| 510|0x000000009fe00000, 0x000000009ff00000, 0x000000009ff00000|100%| E|CS|TAMS 0x000000009fe00000, 0x000000009fe00000| Complete 
| 511|0x000000009ff00000, 0x00000000a0000000, 0x00000000a0000000|100%| E|CS|TAMS 0x000000009ff00000, 0x000000009ff00000| Complete 
| 512|0x00000000a0000000, 0x00000000a0100000, 0x00000000a0100000|100%| E|CS|TAMS 0x00000000a0000000, 0x00000000a0000000| Complete 
| 513|0x00000000a0100000, 0x00000000a0200000, 0x00000000a0200000|100%| E|CS|TAMS 0x00000000a0100000, 0x00000000a0100000| Complete 
| 514|0x00000000a0200000, 0x00000000a0300000, 0x00000000a0300000|100%| E|CS|TAMS 0x00000000a0200000, 0x00000000a0200000| Complete 
| 515|0x00000000a0300000, 0x00000000a0400000, 0x00000000a0400000|100%| E|CS|TAMS 0x00000000a0300000, 0x00000000a0300000| Complete 
| 516|0x00000000a0400000, 0x00000000a0500000, 0x00000000a0500000|100%| E|CS|TAMS 0x00000000a0400000, 0x00000000a0400000| Complete 
| 517|0x00000000a0500000, 0x00000000a0600000, 0x00000000a0600000|100%| E|CS|TAMS 0x00000000a0500000, 0x00000000a0500000| Complete 
| 518|0x00000000a0600000, 0x00000000a0700000, 0x00000000a0700000|100%| E|CS|TAMS 0x00000000a0600000, 0x00000000a0600000| Complete 
| 519|0x00000000a0700000, 0x00000000a0800000, 0x00000000a0800000|100%| E|CS|TAMS 0x00000000a0700000, 0x00000000a0700000| Complete 
| 520|0x00000000a0800000, 0x00000000a0900000, 0x00000000a0900000|100%| E|CS|TAMS 0x00000000a0800000, 0x00000000a0800000| Complete 
| 521|0x00000000a0900000, 0x00000000a0a00000, 0x00000000a0a00000|100%| E|CS|TAMS 0x00000000a0900000, 0x00000000a0900000| Complete 
| 522|0x00000000a0a00000, 0x00000000a0b00000, 0x00000000a0b00000|100%| E|CS|TAMS 0x00000000a0a00000, 0x00000000a0a00000| Complete 
| 523|0x00000000a0b00000, 0x00000000a0c00000, 0x00000000a0c00000|100%| E|CS|TAMS 0x00000000a0b00000, 0x00000000a0b00000| Complete 
| 524|0x00000000a0c00000, 0x00000000a0d00000, 0x00000000a0d00000|100%| E|CS|TAMS 0x00000000a0c00000, 0x00000000a0c00000| Complete 
| 525|0x00000000a0d00000, 0x00000000a0e00000, 0x00000000a0e00000|100%| E|CS|TAMS 0x00000000a0d00000, 0x00000000a0d00000| Complete 
| 526|0x00000000a0e00000, 0x00000000a0f00000, 0x00000000a0f00000|100%| E|CS|TAMS 0x00000000a0e00000, 0x00000000a0e00000| Complete 
| 527|0x00000000a0f00000, 0x00000000a1000000, 0x00000000a1000000|100%| E|CS|TAMS 0x00000000a0f00000, 0x00000000a0f00000| Complete 
| 528|0x00000000a1000000, 0x00000000a1100000, 0x00000000a1100000|100%| E|CS|TAMS 0x00000000a1000000, 0x00000000a1000000| Complete 
| 529|0x00000000a1100000, 0x00000000a1200000, 0x00000000a1200000|100%| E|CS|TAMS 0x00000000a1100000, 0x00000000a1100000| Complete 
| 530|0x00000000a1200000, 0x00000000a1300000, 0x00000000a1300000|100%| E|CS|TAMS 0x00000000a1200000, 0x00000000a1200000| Complete 
| 531|0x00000000a1300000, 0x00000000a1400000, 0x00000000a1400000|100%| E|CS|TAMS 0x00000000a1300000, 0x00000000a1300000| Complete 
| 532|0x00000000a1400000, 0x00000000a1500000, 0x00000000a1500000|100%| E|CS|TAMS 0x00000000a1400000, 0x00000000a1400000| Complete 
| 533|0x00000000a1500000, 0x00000000a1600000, 0x00000000a1600000|100%| E|CS|TAMS 0x00000000a1500000, 0x00000000a1500000| Complete 
| 534|0x00000000a1600000, 0x00000000a1700000, 0x00000000a1700000|100%| E|CS|TAMS 0x00000000a1600000, 0x00000000a1600000| Complete 
| 535|0x00000000a1700000, 0x00000000a1800000, 0x00000000a1800000|100%| E|CS|TAMS 0x00000000a1700000, 0x00000000a1700000| Complete 
| 536|0x00000000a1800000, 0x00000000a1900000, 0x00000000a1900000|100%| E|CS|TAMS 0x00000000a1800000, 0x00000000a1800000| Complete 
| 537|0x00000000a1900000, 0x00000000a1a00000, 0x00000000a1a00000|100%| E|CS|TAMS 0x00000000a1900000, 0x00000000a1900000| Complete 
| 538|0x00000000a1a00000, 0x00000000a1b00000, 0x00000000a1b00000|100%| E|CS|TAMS 0x00000000a1a00000, 0x00000000a1a00000| Complete 
| 539|0x00000000a1b00000, 0x00000000a1c00000, 0x00000000a1c00000|100%| E|CS|TAMS 0x00000000a1b00000, 0x00000000a1b00000| Complete 
| 540|0x00000000a1c00000, 0x00000000a1d00000, 0x00000000a1d00000|100%| E|CS|TAMS 0x00000000a1c00000, 0x00000000a1c00000| Complete 
| 541|0x00000000a1d00000, 0x00000000a1e00000, 0x00000000a1e00000|100%| E|CS|TAMS 0x00000000a1d00000, 0x00000000a1d00000| Complete 
| 542|0x00000000a1e00000, 0x00000000a1f00000, 0x00000000a1f00000|100%| E|CS|TAMS 0x00000000a1e00000, 0x00000000a1e00000| Complete 
| 543|0x00000000a1f00000, 0x00000000a2000000, 0x00000000a2000000|100%| E|CS|TAMS 0x00000000a1f00000, 0x00000000a1f00000| Complete 
| 544|0x00000000a2000000, 0x00000000a2100000, 0x00000000a2100000|100%| E|CS|TAMS 0x00000000a2000000, 0x00000000a2000000| Complete 
| 545|0x00000000a2100000, 0x00000000a2200000, 0x00000000a2200000|100%| E|CS|TAMS 0x00000000a2100000, 0x00000000a2100000| Complete 
| 546|0x00000000a2200000, 0x00000000a2300000, 0x00000000a2300000|100%| E|CS|TAMS 0x00000000a2200000, 0x00000000a2200000| Complete 
| 547|0x00000000a2300000, 0x00000000a2400000, 0x00000000a2400000|100%| E|CS|TAMS 0x00000000a2300000, 0x00000000a2300000| Complete 
| 548|0x00000000a2400000, 0x00000000a2500000, 0x00000000a2500000|100%| E|CS|TAMS 0x00000000a2400000, 0x00000000a2400000| Complete 
| 549|0x00000000a2500000, 0x00000000a2600000, 0x00000000a2600000|100%| E|CS|TAMS 0x00000000a2500000, 0x00000000a2500000| Complete 
| 550|0x00000000a2600000, 0x00000000a2700000, 0x00000000a2700000|100%| E|CS|TAMS 0x00000000a2600000, 0x00000000a2600000| Complete 
| 551|0x00000000a2700000, 0x00000000a2800000, 0x00000000a2800000|100%| E|CS|TAMS 0x00000000a2700000, 0x00000000a2700000| Complete 
| 552|0x00000000a2800000, 0x00000000a2900000, 0x00000000a2900000|100%| E|CS|TAMS 0x00000000a2800000, 0x00000000a2800000| Complete 
| 553|0x00000000a2900000, 0x00000000a2a00000, 0x00000000a2a00000|100%| E|CS|TAMS 0x00000000a2900000, 0x00000000a2900000| Complete 
| 554|0x00000000a2a00000, 0x00000000a2b00000, 0x00000000a2b00000|100%| E|CS|TAMS 0x00000000a2a00000, 0x00000000a2a00000| Complete 
| 555|0x00000000a2b00000, 0x00000000a2c00000, 0x00000000a2c00000|100%| E|CS|TAMS 0x00000000a2b00000, 0x00000000a2b00000| Complete 
| 556|0x00000000a2c00000, 0x00000000a2d00000, 0x00000000a2d00000|100%| E|CS|TAMS 0x00000000a2c00000, 0x00000000a2c00000| Complete 
| 557|0x00000000a2d00000, 0x00000000a2e00000, 0x00000000a2e00000|100%| E|CS|TAMS 0x00000000a2d00000, 0x00000000a2d00000| Complete 
| 558|0x00000000a2e00000, 0x00000000a2f00000, 0x00000000a2f00000|100%| E|CS|TAMS 0x00000000a2e00000, 0x00000000a2e00000| Complete 
| 559|0x00000000a2f00000, 0x00000000a3000000, 0x00000000a3000000|100%| E|CS|TAMS 0x00000000a2f00000, 0x00000000a2f00000| Complete 
| 560|0x00000000a3000000, 0x00000000a3100000, 0x00000000a3100000|100%| E|CS|TAMS 0x00000000a3000000, 0x00000000a3000000| Complete 
| 561|0x00000000a3100000, 0x00000000a3200000, 0x00000000a3200000|100%| E|CS|TAMS 0x00000000a3100000, 0x00000000a3100000| Complete 
| 562|0x00000000a3200000, 0x00000000a3300000, 0x00000000a3300000|100%| E|CS|TAMS 0x00000000a3200000, 0x00000000a3200000| Complete 
| 563|0x00000000a3300000, 0x00000000a3400000, 0x00000000a3400000|100%| E|CS|TAMS 0x00000000a3300000, 0x00000000a3300000| Complete 
| 564|0x00000000a3400000, 0x00000000a3500000, 0x00000000a3500000|100%| E|CS|TAMS 0x00000000a3400000, 0x00000000a3400000| Complete 
| 565|0x00000000a3500000, 0x00000000a3600000, 0x00000000a3600000|100%| E|CS|TAMS 0x00000000a3500000, 0x00000000a3500000| Complete 
| 566|0x00000000a3600000, 0x00000000a3700000, 0x00000000a3700000|100%| E|CS|TAMS 0x00000000a3600000, 0x00000000a3600000| Complete 
| 567|0x00000000a3700000, 0x00000000a3800000, 0x00000000a3800000|100%| E|CS|TAMS 0x00000000a3700000, 0x00000000a3700000| Complete 
| 568|0x00000000a3800000, 0x00000000a3900000, 0x00000000a3900000|100%| E|CS|TAMS 0x00000000a3800000, 0x00000000a3800000| Complete 
| 569|0x00000000a3900000, 0x00000000a3a00000, 0x00000000a3a00000|100%| E|CS|TAMS 0x00000000a3900000, 0x00000000a3900000| Complete 
| 570|0x00000000a3a00000, 0x00000000a3b00000, 0x00000000a3b00000|100%| E|CS|TAMS 0x00000000a3a00000, 0x00000000a3a00000| Complete 
| 571|0x00000000a3b00000, 0x00000000a3c00000, 0x00000000a3c00000|100%| E|CS|TAMS 0x00000000a3b00000, 0x00000000a3b00000| Complete 
| 572|0x00000000a3c00000, 0x00000000a3d00000, 0x00000000a3d00000|100%| E|CS|TAMS 0x00000000a3c00000, 0x00000000a3c00000| Complete 
| 573|0x00000000a3d00000, 0x00000000a3e00000, 0x00000000a3e00000|100%| E|CS|TAMS 0x00000000a3d00000, 0x00000000a3d00000| Complete 
| 574|0x00000000a3e00000, 0x00000000a3f00000, 0x00000000a3f00000|100%| E|CS|TAMS 0x00000000a3e00000, 0x00000000a3e00000| Complete 
| 575|0x00000000a3f00000, 0x00000000a4000000, 0x00000000a4000000|100%| E|CS|TAMS 0x00000000a3f00000, 0x00000000a3f00000| Complete 
| 576|0x00000000a4000000, 0x00000000a4100000, 0x00000000a4100000|100%| E|CS|TAMS 0x00000000a4000000, 0x00000000a4000000| Complete 
| 577|0x00000000a4100000, 0x00000000a4200000, 0x00000000a4200000|100%| E|CS|TAMS 0x00000000a4100000, 0x00000000a4100000| Complete 
| 578|0x00000000a4200000, 0x00000000a4300000, 0x00000000a4300000|100%| E|CS|TAMS 0x00000000a4200000, 0x00000000a4200000| Complete 
| 579|0x00000000a4300000, 0x00000000a4400000, 0x00000000a4400000|100%| E|CS|TAMS 0x00000000a4300000, 0x00000000a4300000| Complete 
| 580|0x00000000a4400000, 0x00000000a4500000, 0x00000000a4500000|100%| E|CS|TAMS 0x00000000a4400000, 0x00000000a4400000| Complete 
| 581|0x00000000a4500000, 0x00000000a4600000, 0x00000000a4600000|100%| E|CS|TAMS 0x00000000a4500000, 0x00000000a4500000| Complete 
| 582|0x00000000a4600000, 0x00000000a4700000, 0x00000000a4700000|100%| E|CS|TAMS 0x00000000a4600000, 0x00000000a4600000| Complete 
| 583|0x00000000a4700000, 0x00000000a4800000, 0x00000000a4800000|100%| E|CS|TAMS 0x00000000a4700000, 0x00000000a4700000| Complete 
| 584|0x00000000a4800000, 0x00000000a4900000, 0x00000000a4900000|100%| E|CS|TAMS 0x00000000a4800000, 0x00000000a4800000| Complete 
| 585|0x00000000a4900000, 0x00000000a4a00000, 0x00000000a4a00000|100%| E|CS|TAMS 0x00000000a4900000, 0x00000000a4900000| Complete 
| 586|0x00000000a4a00000, 0x00000000a4b00000, 0x00000000a4b00000|100%| E|CS|TAMS 0x00000000a4a00000, 0x00000000a4a00000| Complete 
| 587|0x00000000a4b00000, 0x00000000a4c00000, 0x00000000a4c00000|100%| E|CS|TAMS 0x00000000a4b00000, 0x00000000a4b00000| Complete 
| 588|0x00000000a4c00000, 0x00000000a4d00000, 0x00000000a4d00000|100%| E|CS|TAMS 0x00000000a4c00000, 0x00000000a4c00000| Complete 
| 589|0x00000000a4d00000, 0x00000000a4e00000, 0x00000000a4e00000|100%| E|CS|TAMS 0x00000000a4d00000, 0x00000000a4d00000| Complete 
| 590|0x00000000a4e00000, 0x00000000a4f00000, 0x00000000a4f00000|100%| E|CS|TAMS 0x00000000a4e00000, 0x00000000a4e00000| Complete 
| 591|0x00000000a4f00000, 0x00000000a5000000, 0x00000000a5000000|100%| E|CS|TAMS 0x00000000a4f00000, 0x00000000a4f00000| Complete 
| 592|0x00000000a5000000, 0x00000000a5100000, 0x00000000a5100000|100%| E|CS|TAMS 0x00000000a5000000, 0x00000000a5000000| Complete 
| 593|0x00000000a5100000, 0x00000000a5200000, 0x00000000a5200000|100%| E|CS|TAMS 0x00000000a5100000, 0x00000000a5100000| Complete 
| 594|0x00000000a5200000, 0x00000000a5300000, 0x00000000a5300000|100%| E|CS|TAMS 0x00000000a5200000, 0x00000000a5200000| Complete 
| 595|0x00000000a5300000, 0x00000000a5400000, 0x00000000a5400000|100%| E|CS|TAMS 0x00000000a5300000, 0x00000000a5300000| Complete 
| 596|0x00000000a5400000, 0x00000000a5500000, 0x00000000a5500000|100%| E|CS|TAMS 0x00000000a5400000, 0x00000000a5400000| Complete 
| 597|0x00000000a5500000, 0x00000000a5600000, 0x00000000a5600000|100%| E|CS|TAMS 0x00000000a5500000, 0x00000000a5500000| Complete 
| 598|0x00000000a5600000, 0x00000000a5700000, 0x00000000a5700000|100%| E|CS|TAMS 0x00000000a5600000, 0x00000000a5600000| Complete 
| 599|0x00000000a5700000, 0x00000000a5800000, 0x00000000a5800000|100%| E|CS|TAMS 0x00000000a5700000, 0x00000000a5700000| Complete 
| 600|0x00000000a5800000, 0x00000000a5900000, 0x00000000a5900000|100%| E|CS|TAMS 0x00000000a5800000, 0x00000000a5800000| Complete 
| 601|0x00000000a5900000, 0x00000000a5a00000, 0x00000000a5a00000|100%| E|CS|TAMS 0x00000000a5900000, 0x00000000a5900000| Complete 
| 602|0x00000000a5a00000, 0x00000000a5b00000, 0x00000000a5b00000|100%| E|CS|TAMS 0x00000000a5a00000, 0x00000000a5a00000| Complete 
| 603|0x00000000a5b00000, 0x00000000a5c00000, 0x00000000a5c00000|100%| E|CS|TAMS 0x00000000a5b00000, 0x00000000a5b00000| Complete 
| 604|0x00000000a5c00000, 0x00000000a5d00000, 0x00000000a5d00000|100%| E|CS|TAMS 0x00000000a5c00000, 0x00000000a5c00000| Complete 
| 605|0x00000000a5d00000, 0x00000000a5e00000, 0x00000000a5e00000|100%| E|CS|TAMS 0x00000000a5d00000, 0x00000000a5d00000| Complete 
| 606|0x00000000a5e00000, 0x00000000a5f00000, 0x00000000a5f00000|100%| E|CS|TAMS 0x00000000a5e00000, 0x00000000a5e00000| Complete 
| 607|0x00000000a5f00000, 0x00000000a6000000, 0x00000000a6000000|100%| E|CS|TAMS 0x00000000a5f00000, 0x00000000a5f00000| Complete 
| 608|0x00000000a6000000, 0x00000000a6100000, 0x00000000a6100000|100%| E|CS|TAMS 0x00000000a6000000, 0x00000000a6000000| Complete 
| 609|0x00000000a6100000, 0x00000000a6200000, 0x00000000a6200000|100%| E|CS|TAMS 0x00000000a6100000, 0x00000000a6100000| Complete 
| 610|0x00000000a6200000, 0x00000000a6300000, 0x00000000a6300000|100%| E|CS|TAMS 0x00000000a6200000, 0x00000000a6200000| Complete 
| 611|0x00000000a6300000, 0x00000000a6400000, 0x00000000a6400000|100%| E|CS|TAMS 0x00000000a6300000, 0x00000000a6300000| Complete 
| 612|0x00000000a6400000, 0x00000000a6500000, 0x00000000a6500000|100%| E|CS|TAMS 0x00000000a6400000, 0x00000000a6400000| Complete 
| 613|0x00000000a6500000, 0x00000000a6600000, 0x00000000a6600000|100%| E|CS|TAMS 0x00000000a6500000, 0x00000000a6500000| Complete 
| 614|0x00000000a6600000, 0x00000000a6700000, 0x00000000a6700000|100%| E|CS|TAMS 0x00000000a6600000, 0x00000000a6600000| Complete 
| 615|0x00000000a6700000, 0x00000000a6800000, 0x00000000a6800000|100%| E|CS|TAMS 0x00000000a6700000, 0x00000000a6700000| Complete 
| 616|0x00000000a6800000, 0x00000000a6900000, 0x00000000a6900000|100%| E|CS|TAMS 0x00000000a6800000, 0x00000000a6800000| Complete 
| 617|0x00000000a6900000, 0x00000000a6a00000, 0x00000000a6a00000|100%| E|CS|TAMS 0x00000000a6900000, 0x00000000a6900000| Complete 
| 618|0x00000000a6a00000, 0x00000000a6b00000, 0x00000000a6b00000|100%| E|CS|TAMS 0x00000000a6a00000, 0x00000000a6a00000| Complete 
| 619|0x00000000a6b00000, 0x00000000a6c00000, 0x00000000a6c00000|100%| E|CS|TAMS 0x00000000a6b00000, 0x00000000a6b00000| Complete 
| 620|0x00000000a6c00000, 0x00000000a6d00000, 0x00000000a6d00000|100%| E|CS|TAMS 0x00000000a6c00000, 0x00000000a6c00000| Complete 
| 621|0x00000000a6d00000, 0x00000000a6e00000, 0x00000000a6e00000|100%| E|CS|TAMS 0x00000000a6d00000, 0x00000000a6d00000| Complete 
| 622|0x00000000a6e00000, 0x00000000a6f00000, 0x00000000a6f00000|100%| E|CS|TAMS 0x00000000a6e00000, 0x00000000a6e00000| Complete 
| 623|0x00000000a6f00000, 0x00000000a7000000, 0x00000000a7000000|100%| E|CS|TAMS 0x00000000a6f00000, 0x00000000a6f00000| Complete 
| 624|0x00000000a7000000, 0x00000000a7100000, 0x00000000a7100000|100%| E|CS|TAMS 0x00000000a7000000, 0x00000000a7000000| Complete 
| 625|0x00000000a7100000, 0x00000000a7200000, 0x00000000a7200000|100%| E|CS|TAMS 0x00000000a7100000, 0x00000000a7100000| Complete 
| 626|0x00000000a7200000, 0x00000000a7300000, 0x00000000a7300000|100%| E|CS|TAMS 0x00000000a7200000, 0x00000000a7200000| Complete 
| 627|0x00000000a7300000, 0x00000000a7400000, 0x00000000a7400000|100%| E|CS|TAMS 0x00000000a7300000, 0x00000000a7300000| Complete 
| 628|0x00000000a7400000, 0x00000000a7500000, 0x00000000a7500000|100%| E|CS|TAMS 0x00000000a7400000, 0x00000000a7400000| Complete 
| 629|0x00000000a7500000, 0x00000000a7600000, 0x00000000a7600000|100%| E|CS|TAMS 0x00000000a7500000, 0x00000000a7500000| Complete 
| 630|0x00000000a7600000, 0x00000000a7700000, 0x00000000a7700000|100%| E|CS|TAMS 0x00000000a7600000, 0x00000000a7600000| Complete 
| 631|0x00000000a7700000, 0x00000000a7800000, 0x00000000a7800000|100%| E|CS|TAMS 0x00000000a7700000, 0x00000000a7700000| Complete 
| 632|0x00000000a7800000, 0x00000000a7900000, 0x00000000a7900000|100%| E|CS|TAMS 0x00000000a7800000, 0x00000000a7800000| Complete 
| 633|0x00000000a7900000, 0x00000000a7a00000, 0x00000000a7a00000|100%| E|CS|TAMS 0x00000000a7900000, 0x00000000a7900000| Complete 
| 634|0x00000000a7a00000, 0x00000000a7b00000, 0x00000000a7b00000|100%| E|CS|TAMS 0x00000000a7a00000, 0x00000000a7a00000| Complete 
| 635|0x00000000a7b00000, 0x00000000a7c00000, 0x00000000a7c00000|100%| E|CS|TAMS 0x00000000a7b00000, 0x00000000a7b00000| Complete 
| 636|0x00000000a7c00000, 0x00000000a7d00000, 0x00000000a7d00000|100%| E|CS|TAMS 0x00000000a7c00000, 0x00000000a7c00000| Complete 
| 637|0x00000000a7d00000, 0x00000000a7e00000, 0x00000000a7e00000|100%| E|CS|TAMS 0x00000000a7d00000, 0x00000000a7d00000| Complete 
| 638|0x00000000a7e00000, 0x00000000a7f00000, 0x00000000a7f00000|100%| E|CS|TAMS 0x00000000a7e00000, 0x00000000a7e00000| Complete 
| 639|0x00000000a7f00000, 0x00000000a8000000, 0x00000000a8000000|100%| E|CS|TAMS 0x00000000a7f00000, 0x00000000a7f00000| Complete 
| 640|0x00000000a8000000, 0x00000000a8100000, 0x00000000a8100000|100%| E|CS|TAMS 0x00000000a8000000, 0x00000000a8000000| Complete 
| 641|0x00000000a8100000, 0x00000000a8200000, 0x00000000a8200000|100%| E|CS|TAMS 0x00000000a8100000, 0x00000000a8100000| Complete 
| 642|0x00000000a8200000, 0x00000000a8300000, 0x00000000a8300000|100%| E|CS|TAMS 0x00000000a8200000, 0x00000000a8200000| Complete 
| 643|0x00000000a8300000, 0x00000000a8400000, 0x00000000a8400000|100%| E|CS|TAMS 0x00000000a8300000, 0x00000000a8300000| Complete 
| 644|0x00000000a8400000, 0x00000000a8500000, 0x00000000a8500000|100%| E|CS|TAMS 0x00000000a8400000, 0x00000000a8400000| Complete 
| 645|0x00000000a8500000, 0x00000000a8600000, 0x00000000a8600000|100%| E|CS|TAMS 0x00000000a8500000, 0x00000000a8500000| Complete 
| 646|0x00000000a8600000, 0x00000000a8700000, 0x00000000a8700000|100%| E|CS|TAMS 0x00000000a8600000, 0x00000000a8600000| Complete 
| 647|0x00000000a8700000, 0x00000000a8800000, 0x00000000a8800000|100%| E|CS|TAMS 0x00000000a8700000, 0x00000000a8700000| Complete 
| 648|0x00000000a8800000, 0x00000000a8900000, 0x00000000a8900000|100%| E|CS|TAMS 0x00000000a8800000, 0x00000000a8800000| Complete 
| 649|0x00000000a8900000, 0x00000000a8a00000, 0x00000000a8a00000|100%| E|CS|TAMS 0x00000000a8900000, 0x00000000a8900000| Complete 
| 650|0x00000000a8a00000, 0x00000000a8b00000, 0x00000000a8b00000|100%| E|CS|TAMS 0x00000000a8a00000, 0x00000000a8a00000| Complete 
| 651|0x00000000a8b00000, 0x00000000a8c00000, 0x00000000a8c00000|100%| E|CS|TAMS 0x00000000a8b00000, 0x00000000a8b00000| Complete 
| 652|0x00000000a8c00000, 0x00000000a8d00000, 0x00000000a8d00000|100%| E|CS|TAMS 0x00000000a8c00000, 0x00000000a8c00000| Complete 
| 653|0x00000000a8d00000, 0x00000000a8e00000, 0x00000000a8e00000|100%| E|CS|TAMS 0x00000000a8d00000, 0x00000000a8d00000| Complete 
| 654|0x00000000a8e00000, 0x00000000a8f00000, 0x00000000a8f00000|100%| E|CS|TAMS 0x00000000a8e00000, 0x00000000a8e00000| Complete 
| 655|0x00000000a8f00000, 0x00000000a9000000, 0x00000000a9000000|100%| E|CS|TAMS 0x00000000a8f00000, 0x00000000a8f00000| Complete 
| 656|0x00000000a9000000, 0x00000000a9100000, 0x00000000a9100000|100%| E|CS|TAMS 0x00000000a9000000, 0x00000000a9000000| Complete 
| 657|0x00000000a9100000, 0x00000000a9200000, 0x00000000a9200000|100%| E|CS|TAMS 0x00000000a9100000, 0x00000000a9100000| Complete 
| 658|0x00000000a9200000, 0x00000000a9300000, 0x00000000a9300000|100%| E|CS|TAMS 0x00000000a9200000, 0x00000000a9200000| Complete 
| 659|0x00000000a9300000, 0x00000000a9400000, 0x00000000a9400000|100%| E|CS|TAMS 0x00000000a9300000, 0x00000000a9300000| Complete 
| 660|0x00000000a9400000, 0x00000000a9500000, 0x00000000a9500000|100%| E|CS|TAMS 0x00000000a9400000, 0x00000000a9400000| Complete 
| 661|0x00000000a9500000, 0x00000000a9600000, 0x00000000a9600000|100%| E|CS|TAMS 0x00000000a9500000, 0x00000000a9500000| Complete 
| 662|0x00000000a9600000, 0x00000000a9700000, 0x00000000a9700000|100%| E|CS|TAMS 0x00000000a9600000, 0x00000000a9600000| Complete 
| 663|0x00000000a9700000, 0x00000000a9800000, 0x00000000a9800000|100%| E|CS|TAMS 0x00000000a9700000, 0x00000000a9700000| Complete 
| 664|0x00000000a9800000, 0x00000000a9900000, 0x00000000a9900000|100%| E|CS|TAMS 0x00000000a9800000, 0x00000000a9800000| Complete 
| 665|0x00000000a9900000, 0x00000000a9a00000, 0x00000000a9a00000|100%| E|CS|TAMS 0x00000000a9900000, 0x00000000a9900000| Complete 
| 666|0x00000000a9a00000, 0x00000000a9b00000, 0x00000000a9b00000|100%| E|CS|TAMS 0x00000000a9a00000, 0x00000000a9a00000| Complete 
| 667|0x00000000a9b00000, 0x00000000a9c00000, 0x00000000a9c00000|100%| E|CS|TAMS 0x00000000a9b00000, 0x00000000a9b00000| Complete 
| 668|0x00000000a9c00000, 0x00000000a9d00000, 0x00000000a9d00000|100%| E|CS|TAMS 0x00000000a9c00000, 0x00000000a9c00000| Complete 
| 669|0x00000000a9d00000, 0x00000000a9e00000, 0x00000000a9e00000|100%| E|CS|TAMS 0x00000000a9d00000, 0x00000000a9d00000| Complete 
| 670|0x00000000a9e00000, 0x00000000a9f00000, 0x00000000a9f00000|100%| E|CS|TAMS 0x00000000a9e00000, 0x00000000a9e00000| Complete 
| 671|0x00000000a9f00000, 0x00000000aa000000, 0x00000000aa000000|100%| E|CS|TAMS 0x00000000a9f00000, 0x00000000a9f00000| Complete 
| 672|0x00000000aa000000, 0x00000000aa100000, 0x00000000aa100000|100%| E|CS|TAMS 0x00000000aa000000, 0x00000000aa000000| Complete 
| 673|0x00000000aa100000, 0x00000000aa200000, 0x00000000aa200000|100%| E|CS|TAMS 0x00000000aa100000, 0x00000000aa100000| Complete 
| 674|0x00000000aa200000, 0x00000000aa300000, 0x00000000aa300000|100%| E|CS|TAMS 0x00000000aa200000, 0x00000000aa200000| Complete 
| 675|0x00000000aa300000, 0x00000000aa400000, 0x00000000aa400000|100%| E|CS|TAMS 0x00000000aa300000, 0x00000000aa300000| Complete 
| 676|0x00000000aa400000, 0x00000000aa500000, 0x00000000aa500000|100%| E|CS|TAMS 0x00000000aa400000, 0x00000000aa400000| Complete 
| 677|0x00000000aa500000, 0x00000000aa600000, 0x00000000aa600000|100%| E|CS|TAMS 0x00000000aa500000, 0x00000000aa500000| Complete 
| 678|0x00000000aa600000, 0x00000000aa700000, 0x00000000aa700000|100%| E|CS|TAMS 0x00000000aa600000, 0x00000000aa600000| Complete 
| 679|0x00000000aa700000, 0x00000000aa800000, 0x00000000aa800000|100%| E|CS|TAMS 0x00000000aa700000, 0x00000000aa700000| Complete 
| 680|0x00000000aa800000, 0x00000000aa900000, 0x00000000aa900000|100%| E|CS|TAMS 0x00000000aa800000, 0x00000000aa800000| Complete 
| 681|0x00000000aa900000, 0x00000000aaa00000, 0x00000000aaa00000|100%| E|CS|TAMS 0x00000000aa900000, 0x00000000aa900000| Complete 
| 682|0x00000000aaa00000, 0x00000000aab00000, 0x00000000aab00000|100%| E|CS|TAMS 0x00000000aaa00000, 0x00000000aaa00000| Complete 
| 683|0x00000000aab00000, 0x00000000aac00000, 0x00000000aac00000|100%| E|CS|TAMS 0x00000000aab00000, 0x00000000aab00000| Complete 
| 684|0x00000000aac00000, 0x00000000aad00000, 0x00000000aad00000|100%| E|CS|TAMS 0x00000000aac00000, 0x00000000aac00000| Complete 
| 685|0x00000000aad00000, 0x00000000aae00000, 0x00000000aae00000|100%| E|CS|TAMS 0x00000000aad00000, 0x00000000aad00000| Complete 
| 686|0x00000000aae00000, 0x00000000aaf00000, 0x00000000aaf00000|100%| E|CS|TAMS 0x00000000aae00000, 0x00000000aae00000| Complete 
| 687|0x00000000aaf00000, 0x00000000ab000000, 0x00000000ab000000|100%| E|CS|TAMS 0x00000000aaf00000, 0x00000000aaf00000| Complete 
| 688|0x00000000ab000000, 0x00000000ab100000, 0x00000000ab100000|100%| E|CS|TAMS 0x00000000ab000000, 0x00000000ab000000| Complete 
| 689|0x00000000ab100000, 0x00000000ab200000, 0x00000000ab200000|100%| E|CS|TAMS 0x00000000ab100000, 0x00000000ab100000| Complete 
| 690|0x00000000ab200000, 0x00000000ab300000, 0x00000000ab300000|100%| E|CS|TAMS 0x00000000ab200000, 0x00000000ab200000| Complete 
| 691|0x00000000ab300000, 0x00000000ab400000, 0x00000000ab400000|100%| E|CS|TAMS 0x00000000ab300000, 0x00000000ab300000| Complete 
| 692|0x00000000ab400000, 0x00000000ab500000, 0x00000000ab500000|100%| E|CS|TAMS 0x00000000ab400000, 0x00000000ab400000| Complete 
| 693|0x00000000ab500000, 0x00000000ab600000, 0x00000000ab600000|100%| E|CS|TAMS 0x00000000ab500000, 0x00000000ab500000| Complete 
| 694|0x00000000ab600000, 0x00000000ab700000, 0x00000000ab700000|100%| E|CS|TAMS 0x00000000ab600000, 0x00000000ab600000| Complete 
| 695|0x00000000ab700000, 0x00000000ab800000, 0x00000000ab800000|100%| E|CS|TAMS 0x00000000ab700000, 0x00000000ab700000| Complete 
| 696|0x00000000ab800000, 0x00000000ab900000, 0x00000000ab900000|100%| E|CS|TAMS 0x00000000ab800000, 0x00000000ab800000| Complete 
| 697|0x00000000ab900000, 0x00000000aba00000, 0x00000000aba00000|100%| E|CS|TAMS 0x00000000ab900000, 0x00000000ab900000| Complete 
| 698|0x00000000aba00000, 0x00000000abb00000, 0x00000000abb00000|100%| E|CS|TAMS 0x00000000aba00000, 0x00000000aba00000| Complete 
| 699|0x00000000abb00000, 0x00000000abc00000, 0x00000000abc00000|100%| E|CS|TAMS 0x00000000abb00000, 0x00000000abb00000| Complete 

Card table byte_map: [0x000001cb2d510000,0x000001cb2d910000] _byte_map_base: 0x000001cb2d110000

Marking Bits (Prev, Next): (CMBitMap*) 0x000001cb162adce0, (CMBitMap*) 0x000001cb162adca0
 Prev Bits: [0x000001cb2fd10000, 0x000001cb31d10000)
 Next Bits: [0x000001cb2dd10000, 0x000001cb2fd10000)

Polling page: 0x000001cb14040000

Metaspace:

Usage:
  Non-class:    120.34 MB used.
      Class:     18.27 MB used.
       Both:    138.62 MB used.

Virtual space:
  Non-class space:      128.00 MB reserved,     120.81 MB ( 94%) committed,  2 nodes.
      Class space:        1.00 GB reserved,      18.75 MB (  2%) committed,  1 nodes.
             Both:        1.12 GB reserved,     139.56 MB ( 12%) committed. 

Chunk freelists:
   Non-Class:  6.28 MB
       Class:  13.16 MB
        Both:  19.44 MB

MaxMetaspaceSize: unlimited
CompressedClassSpaceSize: 1.00 GB
Initial GC threshold: 21.00 MB
Current GC threshold: 225.75 MB
CDS: on
MetaspaceReclaimPolicy: balanced
 - commit_granule_bytes: 65536.
 - commit_granule_words: 8192.
 - virtual_space_node_default_size: 8388608.
 - enlarge_chunks_in_place: 1.
 - new_chunks_are_fully_committed: 0.
 - uncommit_free_chunks: 1.
 - use_allocation_guard: 0.
 - handle_deallocations: 1.


Internal statistics:

num_allocs_failed_limit: 6.
num_arena_births: 1706.
num_arena_deaths: 46.
num_vsnodes_births: 3.
num_vsnodes_deaths: 0.
num_space_committed: 2231.
num_space_uncommitted: 0.
num_chunks_returned_to_freelist: 66.
num_chunks_taken_from_freelist: 7451.
num_chunk_merges: 28.
num_chunk_splits: 4988.
num_chunks_enlarged: 3356.
num_inconsistent_stats: 0.

CodeHeap 'non-profiled nmethods': size=120000Kb used=22573Kb max_used=23460Kb free=97426Kb
 bounds [0x000001cb258b0000, 0x000001cb26fa0000, 0x000001cb2cde0000]
CodeHeap 'profiled nmethods': size=120000Kb used=47938Kb max_used=49641Kb free=72061Kb
 bounds [0x000001cb1dde0000, 0x000001cb20ed0000, 0x000001cb25310000]
CodeHeap 'non-nmethods': size=5760Kb used=1837Kb max_used=1971Kb free=3922Kb
 bounds [0x000001cb25310000, 0x000001cb25580000, 0x000001cb258b0000]
 total_blobs=25550 nmethods=24614 adapters=846
 compilation: enabled
              stopped_count=0, restarted_count=0
 full_count=0

Compilation events (20 events):
Event: 149.338 Thread 0x000001cb07f401b0 nmethod 34990 0x000001cb26c9ee90 code [0x000001cb26c9f0e0, 0x000001cb26ca1770]
Event: 149.338 Thread 0x000001cb07f401b0 34992       4       org.jetbrains.org.objectweb.asm.ClassWriter::toByteArray (1535 bytes)
Event: 149.400 Thread 0x000001cb347a44b0 34998 %     3       org.jetbrains.kotlin.gradle.internal.kapt.incremental.ClasspathEntryData::writeObject @ 65 (1063 bytes)
Event: 149.409 Thread 0x000001cb347a44b0 nmethod 34998% 0x000001cb20e2b790 code [0x000001cb20e2c720, 0x000001cb20e37f08]
Event: 149.445 Thread 0x000001cb347a44b0 34999       3       org.jetbrains.kotlin.gradle.internal.kapt.incremental.ClassAbiExtractor::visitAnnotation (24 bytes)
Event: 149.446 Thread 0x000001cb347a44b0 nmethod 34999 0x000001cb1fc5cb90 code [0x000001cb1fc5cd80, 0x000001cb1fc5d1d8]
Event: 149.465 Thread 0x000001cb347a44b0 35000       3       org.jetbrains.kotlin.gradle.internal.kapt.incremental.ClassTypeExtractorVisitor::visitAnnotation (53 bytes)
Event: 149.467 Thread 0x000001cb347a44b0 nmethod 35000 0x000001cb20e07f10 code [0x000001cb20e081e0, 0x000001cb20e08ef8]
Event: 149.495 Thread 0x000001cb347a44b0 35002       3       org.jetbrains.kotlin.gradle.internal.kapt.incremental.ClasspathEntryData::writeObject (1063 bytes)
Event: 149.507 Thread 0x000001cb347a44b0 nmethod 35002 0x000001cb20e1c510 code [0x000001cb20e1d420, 0x000001cb20e28418]
Event: 149.507 Thread 0x000001cb347a44b0 35004       3       org.jetbrains.kotlin.gradle.internal.kapt.incremental.FieldTypeExtractorVisitor::visitAnnotation (53 bytes)
Event: 149.508 Thread 0x000001cb347a44b0 nmethod 35004 0x000001cb2031e110 code [0x000001cb2031e3e0, 0x000001cb2031f0f8]
Event: 149.540 Thread 0x000001cb3479daf0 nmethod 34860 0x000001cb269ef610 code [0x000001cb269efbc0, 0x000001cb269f5c78]
Event: 149.540 Thread 0x000001cb3479daf0 34876       4       org.jetbrains.org.objectweb.asm.ClassReader::readElementValue (1237 bytes)
Event: 149.552 Thread 0x000001cb34a675d0 nmethod 34882 0x000001cb26b61b10 code [0x000001cb26b621c0, 0x000001cb26b6bf40]
Event: 149.552 Thread 0x000001cb34a675d0 34993       4       org.gradle.internal.file.FileHierarchySet$Node::plusWithCommonPrefixLength (341 bytes)
Event: 149.655 Thread 0x000001cb07f401b0 nmethod 34992 0x000001cb26e21190 code [0x000001cb26e217c0, 0x000001cb26e28060]
Event: 149.658 Thread 0x000001cb07f401b0 35009       4       org.jetbrains.org.objectweb.asm.ClassReader::readMethod (1061 bytes)
Event: 149.717 Thread 0x000001cb347a44b0 35010       3       org.jetbrains.kotlin.gradle.internal.kapt.incremental.AnnotationTypeExtractorVisitor::visitEnum (42 bytes)
Event: 149.718 Thread 0x000001cb347a44b0 nmethod 35010 0x000001cb203f3710 code [0x000001cb203f3940, 0x000001cb203f4028]

GC Heap History (20 events):
Event: 137.890 GC heap before
{Heap before GC invocations=163 (full 0):
 garbage-first heap   total 716800K, used 326908K [0x0000000080000000, 0x0000000100000000)
  region size 1024K, 38 young (38912K), 37 survivors (37888K)
 Metaspace       used 138150K, committed 139136K, reserved 1179648K
  class space    used 18377K, committed 18880K, reserved 1048576K
}
Event: 137.937 GC heap after
{Heap after GC invocations=164 (full 0):
 garbage-first heap   total 716800K, used 291840K [0x0000000080000000, 0x0000000100000000)
  region size 1024K, 4 young (4096K), 4 survivors (4096K)
 Metaspace       used 138150K, committed 139136K, reserved 1179648K
  class space    used 18377K, committed 18880K, reserved 1048576K
}
Event: 138.681 GC heap before
{Heap before GC invocations=164 (full 0):
 garbage-first heap   total 716800K, used 527360K [0x0000000080000000, 0x0000000100000000)
  region size 1024K, 232 young (237568K), 4 survivors (4096K)
 Metaspace       used 138236K, committed 139200K, reserved 1179648K
  class space    used 18380K, committed 18880K, reserved 1048576K
}
Event: 138.701 GC heap after
{Heap after GC invocations=165 (full 0):
 garbage-first heap   total 716800K, used 314666K [0x0000000080000000, 0x0000000100000000)
  region size 1024K, 24 young (24576K), 24 survivors (24576K)
 Metaspace       used 138236K, committed 139200K, reserved 1179648K
  class space    used 18380K, committed 18880K, reserved 1048576K
}
Event: 139.655 GC heap before
{Heap before GC invocations=165 (full 0):
 garbage-first heap   total 716800K, used 548138K [0x0000000080000000, 0x0000000100000000)
  region size 1024K, 246 young (251904K), 24 survivors (24576K)
 Metaspace       used 140005K, committed 140928K, reserved 1179648K
  class space    used 18547K, committed 19008K, reserved 1048576K
}
Event: 139.677 GC heap after
{Heap after GC invocations=166 (full 0):
 garbage-first heap   total 716800K, used 327552K [0x0000000080000000, 0x0000000100000000)
  region size 1024K, 9 young (9216K), 9 survivors (9216K)
 Metaspace       used 140005K, committed 140928K, reserved 1179648K
  class space    used 18547K, committed 19008K, reserved 1048576K
}
Event: 140.321 GC heap before
{Heap before GC invocations=166 (full 0):
 garbage-first heap   total 716800K, used 565120K [0x0000000080000000, 0x0000000100000000)
  region size 1024K, 234 young (239616K), 9 survivors (9216K)
 Metaspace       used 141212K, committed 142144K, reserved 1179648K
  class space    used 18662K, committed 19136K, reserved 1048576K
}
Event: 140.340 GC heap after
{Heap after GC invocations=167 (full 0):
 garbage-first heap   total 716800K, used 331424K [0x0000000080000000, 0x0000000100000000)
  region size 1024K, 8 young (8192K), 8 survivors (8192K)
 Metaspace       used 141212K, committed 142144K, reserved 1179648K
  class space    used 18662K, committed 19136K, reserved 1048576K
}
Event: 141.030 GC heap before
{Heap before GC invocations=167 (full 0):
 garbage-first heap   total 716800K, used 573088K [0x0000000080000000, 0x0000000100000000)
  region size 1024K, 241 young (246784K), 8 survivors (8192K)
 Metaspace       used 141429K, committed 142400K, reserved 1179648K
  class space    used 18663K, committed 19136K, reserved 1048576K
}
Event: 141.045 GC heap after
{Heap after GC invocations=168 (full 0):
 garbage-first heap   total 716800K, used 341879K [0x0000000080000000, 0x0000000100000000)
  region size 1024K, 15 young (15360K), 15 survivors (15360K)
 Metaspace       used 141429K, committed 142400K, reserved 1179648K
  class space    used 18663K, committed 19136K, reserved 1048576K
}
Event: 141.539 GC heap before
{Heap before GC invocations=168 (full 0):
 garbage-first heap   total 716800K, used 583543K [0x0000000080000000, 0x0000000100000000)
  region size 1024K, 247 young (252928K), 15 survivors (15360K)
 Metaspace       used 141524K, committed 142528K, reserved 1179648K
  class space    used 18668K, committed 19136K, reserved 1048576K
}
Event: 141.554 GC heap after
{Heap after GC invocations=169 (full 0):
 garbage-first heap   total 716800K, used 344832K [0x0000000080000000, 0x0000000100000000)
  region size 1024K, 14 young (14336K), 14 survivors (14336K)
 Metaspace       used 141524K, committed 142528K, reserved 1179648K
  class space    used 18668K, committed 19136K, reserved 1048576K
}
Event: 142.074 GC heap before
{Heap before GC invocations=169 (full 0):
 garbage-first heap   total 716800K, used 605952K [0x0000000080000000, 0x0000000100000000)
  region size 1024K, 253 young (259072K), 14 survivors (14336K)
 Metaspace       used 141540K, committed 142528K, reserved 1179648K
  class space    used 18669K, committed 19136K, reserved 1048576K
}
Event: 142.091 GC heap after
{Heap after GC invocations=170 (full 0):
 garbage-first heap   total 716800K, used 360320K [0x0000000080000000, 0x0000000100000000)
  region size 1024K, 19 young (19456K), 19 survivors (19456K)
 Metaspace       used 141540K, committed 142528K, reserved 1179648K
  class space    used 18669K, committed 19136K, reserved 1048576K
}
Event: 144.749 GC heap before
{Heap before GC invocations=170 (full 0):
 garbage-first heap   total 716800K, used 610176K [0x0000000080000000, 0x0000000100000000)
  region size 1024K, 252 young (258048K), 19 survivors (19456K)
 Metaspace       used 141569K, committed 142592K, reserved 1179648K
  class space    used 18670K, committed 19200K, reserved 1048576K
}
Event: 144.765 GC heap after
{Heap after GC invocations=171 (full 0):
 garbage-first heap   total 716800K, used 343416K [0x0000000080000000, 0x0000000100000000)
  region size 1024K, 16 young (16384K), 16 survivors (16384K)
 Metaspace       used 141569K, committed 142592K, reserved 1179648K
  class space    used 18670K, committed 19200K, reserved 1048576K
}
Event: 147.397 GC heap before
{Heap before GC invocations=171 (full 0):
 garbage-first heap   total 716800K, used 593272K [0x0000000080000000, 0x0000000100000000)
  region size 1024K, 260 young (266240K), 16 survivors (16384K)
 Metaspace       used 141584K, committed 142592K, reserved 1179648K
  class space    used 18672K, committed 19200K, reserved 1048576K
}
Event: 147.408 GC heap after
{Heap after GC invocations=172 (full 0):
 garbage-first heap   total 716800K, used 346206K [0x0000000080000000, 0x0000000100000000)
  region size 1024K, 18 young (18432K), 18 survivors (18432K)
 Metaspace       used 141584K, committed 142592K, reserved 1179648K
  class space    used 18672K, committed 19200K, reserved 1048576K
}
Event: 149.053 GC heap before
{Heap before GC invocations=172 (full 0):
 garbage-first heap   total 716800K, used 601182K [0x0000000080000000, 0x0000000100000000)
  region size 1024K, 268 young (274432K), 18 survivors (18432K)
 Metaspace       used 141918K, committed 142912K, reserved 1179648K
  class space    used 18711K, committed 19200K, reserved 1048576K
}
Event: 149.062 GC heap after
{Heap after GC invocations=173 (full 0):
 garbage-first heap   total 716800K, used 344985K [0x0000000080000000, 0x0000000100000000)
  region size 1024K, 17 young (17408K), 17 survivors (17408K)
 Metaspace       used 141918K, committed 142912K, reserved 1179648K
  class space    used 18711K, committed 19200K, reserved 1048576K
}

Dll operation events (15 events):
Event: 0.016 Loaded shared library C:\Program Files\Microsoft\jdk-17.0.20.8-hotspot\bin\java.dll
Event: 0.037 Loaded shared library C:\Program Files\Microsoft\jdk-17.0.20.8-hotspot\bin\jsvml.dll
Event: 0.104 Loaded shared library C:\Program Files\Microsoft\jdk-17.0.20.8-hotspot\bin\zip.dll
Event: 0.110 Loaded shared library C:\Program Files\Microsoft\jdk-17.0.20.8-hotspot\bin\instrument.dll
Event: 0.118 Loaded shared library C:\Program Files\Microsoft\jdk-17.0.20.8-hotspot\bin\net.dll
Event: 0.121 Loaded shared library C:\Program Files\Microsoft\jdk-17.0.20.8-hotspot\bin\nio.dll
Event: 0.126 Loaded shared library C:\Program Files\Microsoft\jdk-17.0.20.8-hotspot\bin\zip.dll
Event: 0.503 Loaded shared library C:\Program Files\Microsoft\jdk-17.0.20.8-hotspot\bin\jimage.dll
Event: 0.624 Loaded shared library C:\Program Files\Microsoft\jdk-17.0.20.8-hotspot\bin\verify.dll
Event: 0.912 Loaded shared library C:\Users\eferk\.gradle\native\c067742578af261105cb4f569cf0c3c89f3d7b1fecec35dd04571415982c5e48\windows-amd64\native-platform.dll
Event: 0.922 Loaded shared library C:\Users\eferk\.gradle\native\38dada09dfb8b06ba9b0570ebf7e218e3eb74d4ef43ca46872605cf95ebc2f47\windows-amd64\native-platform-file-events.dll
Event: 2.411 Loaded shared library C:\Program Files\Microsoft\jdk-17.0.20.8-hotspot\bin\management.dll
Event: 2.415 Loaded shared library C:\Program Files\Microsoft\jdk-17.0.20.8-hotspot\bin\management_ext.dll
Event: 2.675 Loaded shared library C:\Program Files\Microsoft\jdk-17.0.20.8-hotspot\bin\extnet.dll
Event: 3.563 Loaded shared library C:\Program Files\Microsoft\jdk-17.0.20.8-hotspot\bin\sunmscapi.dll

Deoptimization events (20 events):
Event: 148.888 Thread 0x000001cb7c37c8e0 DEOPT PACKING pc=0x000001cb263b97bc sp=0x000000804dafaa90
Event: 148.888 Thread 0x000001cb7c37c8e0 DEOPT UNPACKING pc=0x000001cb253669a3 sp=0x000000804dafaa48 mode 2
Event: 148.929 Thread 0x000001cb7c37c3d0 DEOPT PACKING pc=0x000001cb202c8e53 sp=0x000000804b8fb9e0
Event: 148.929 Thread 0x000001cb7c37c3d0 DEOPT UNPACKING pc=0x000001cb25367143 sp=0x000000804b8faf08 mode 0
Event: 149.577 Thread 0x000001cb7e335a00 Uncommon trap: trap_request=0xffffffde fr.pc=0x000001cb26b69dc0 relative=0x0000000000007c00
Event: 149.577 Thread 0x000001cb7e335a00 Uncommon trap: reason=class_check action=maybe_recompile pc=0x000001cb26b69dc0 method=org.jetbrains.org.objectweb.asm.ClassReader.readMethod(Lorg/jetbrains/org/objectweb/asm/ClassVisitor;Lorg/jetbrains/org/objectweb/asm/Context;I)I @ 663 c2
Event: 149.577 Thread 0x000001cb7e335a00 DEOPT PACKING pc=0x000001cb26b69dc0 sp=0x00000080502f6a70
Event: 149.577 Thread 0x000001cb7e335a00 DEOPT UNPACKING pc=0x000001cb253669a3 sp=0x00000080502f6a78 mode 2
Event: 149.577 Thread 0x000001cb7e335a00 Uncommon trap: trap_request=0xffffffde fr.pc=0x000001cb26b69dc0 relative=0x0000000000007c00
Event: 149.577 Thread 0x000001cb7e335a00 Uncommon trap: reason=class_check action=maybe_recompile pc=0x000001cb26b69dc0 method=org.jetbrains.org.objectweb.asm.ClassReader.readMethod(Lorg/jetbrains/org/objectweb/asm/ClassVisitor;Lorg/jetbrains/org/objectweb/asm/Context;I)I @ 663 c2
Event: 149.577 Thread 0x000001cb7e335a00 DEOPT PACKING pc=0x000001cb26b69dc0 sp=0x00000080502f6a70
Event: 149.577 Thread 0x000001cb7e335a00 DEOPT UNPACKING pc=0x000001cb253669a3 sp=0x00000080502f6a78 mode 2
Event: 149.634 Thread 0x000001cb7c37c8e0 Uncommon trap: trap_request=0xffffffde fr.pc=0x000001cb26b69dc0 relative=0x0000000000007c00
Event: 149.634 Thread 0x000001cb7c37c8e0 Uncommon trap: reason=class_check action=maybe_recompile pc=0x000001cb26b69dc0 method=org.jetbrains.org.objectweb.asm.ClassReader.readMethod(Lorg/jetbrains/org/objectweb/asm/ClassVisitor;Lorg/jetbrains/org/objectweb/asm/Context;I)I @ 663 c2
Event: 149.634 Thread 0x000001cb7c37c8e0 DEOPT PACKING pc=0x000001cb26b69dc0 sp=0x000000804dafb440
Event: 149.634 Thread 0x000001cb7c37c8e0 DEOPT UNPACKING pc=0x000001cb253669a3 sp=0x000000804dafb448 mode 2
Event: 149.636 Thread 0x000001cb7c37c8e0 Uncommon trap: trap_request=0xffffffde fr.pc=0x000001cb26b69dc0 relative=0x0000000000007c00
Event: 149.637 Thread 0x000001cb7c37c8e0 Uncommon trap: reason=class_check action=maybe_recompile pc=0x000001cb26b69dc0 method=org.jetbrains.org.objectweb.asm.ClassReader.readMethod(Lorg/jetbrains/org/objectweb/asm/ClassVisitor;Lorg/jetbrains/org/objectweb/asm/Context;I)I @ 663 c2
Event: 149.638 Thread 0x000001cb7c37c8e0 DEOPT PACKING pc=0x000001cb26b69dc0 sp=0x000000804dafb440
Event: 149.638 Thread 0x000001cb7c37c8e0 DEOPT UNPACKING pc=0x000001cb253669a3 sp=0x000000804dafb448 mode 2

Classes loaded (20 events):
Event: 100.094 Loading class java/nio/ShortBuffer
Event: 100.107 Loading class java/nio/ShortBuffer done
Event: 100.323 Loading class java/nio/ByteBufferAsShortBufferL
Event: 100.339 Loading class java/nio/ByteBufferAsShortBufferL done
Event: 136.369 Loading class java/nio/BufferUnderflowException
Event: 136.369 Loading class java/nio/BufferUnderflowException done
Event: 137.191 Loading class java/util/concurrent/ForkJoinTask$AdaptedCallable
Event: 137.194 Loading class java/util/concurrent/ForkJoinTask$AdaptedCallable done
Event: 137.195 Loading class java/util/concurrent/ForkJoinPool$DefaultForkJoinWorkerThreadFactory$1
Event: 137.197 Loading class java/util/concurrent/ForkJoinPool$DefaultForkJoinWorkerThreadFactory$1 done
Event: 137.219 Loading class java/util/AbstractList$RandomAccessSubList
Event: 137.222 Loading class java/util/AbstractList$RandomAccessSubList done
Event: 137.244 Loading class java/nio/HeapShortBuffer
Event: 137.244 Loading class java/nio/HeapShortBuffer done
Event: 141.315 Loading class java/util/IdentityHashMap$EntryIterator
Event: 141.320 Loading class java/util/IdentityHashMap$EntryIterator done
Event: 141.330 Loading class java/util/IdentityHashMap$EntryIterator$Entry
Event: 141.334 Loading class java/util/IdentityHashMap$EntryIterator$Entry done
Event: 148.855 Loading class jdk/internal/reflect/UnsafeQualifiedStaticIntegerFieldAccessorImpl
Event: 148.856 Loading class jdk/internal/reflect/UnsafeQualifiedStaticIntegerFieldAccessorImpl done

Classes unloaded (20 events):
Event: 100.847 Thread 0x000001cb347742a0 Unloading class 0x000001cb371a5c00 'java/lang/invoke/LambdaForm$DMH+0x000001cb371a5c00'
Event: 100.847 Thread 0x000001cb347742a0 Unloading class 0x000001cb371a5400 'java/lang/invoke/LambdaForm$DMH+0x000001cb371a5400'
Event: 100.847 Thread 0x000001cb347742a0 Unloading class 0x000001cb371a5000 'java/lang/invoke/LambdaForm$DMH+0x000001cb371a5000'
Event: 100.847 Thread 0x000001cb347742a0 Unloading class 0x000001cb371a4400 'java/lang/invoke/LambdaForm$DMH+0x000001cb371a4400'
Event: 100.847 Thread 0x000001cb347742a0 Unloading class 0x000001cb371a4c00 'java/lang/invoke/LambdaForm$DMH+0x000001cb371a4c00'
Event: 100.847 Thread 0x000001cb347742a0 Unloading class 0x000001cb371a5800 'java/lang/invoke/LambdaForm$DMH+0x000001cb371a5800'
Event: 100.847 Thread 0x000001cb347742a0 Unloading class 0x000001cb371a4800 'java/lang/invoke/LambdaForm$DMH+0x000001cb371a4800'
Event: 100.847 Thread 0x000001cb347742a0 Unloading class 0x000001cb37160800 'java/lang/invoke/LambdaForm$DMH+0x000001cb37160800'
Event: 100.847 Thread 0x000001cb347742a0 Unloading class 0x000001cb37160400 'java/lang/invoke/LambdaForm$DMH+0x000001cb37160400'
Event: 100.847 Thread 0x000001cb347742a0 Unloading class 0x000001cb370c5800 'java/lang/invoke/LambdaForm$DMH+0x000001cb370c5800'
Event: 100.847 Thread 0x000001cb347742a0 Unloading class 0x000001cb370c5400 'java/lang/invoke/LambdaForm$DMH+0x000001cb370c5400'
Event: 100.847 Thread 0x000001cb347742a0 Unloading class 0x000001cb370c4800 'java/lang/invoke/LambdaForm$DMH+0x000001cb370c4800'
Event: 100.847 Thread 0x000001cb347742a0 Unloading class 0x000001cb370c5000 'java/lang/invoke/LambdaForm$DMH+0x000001cb370c5000'
Event: 100.847 Thread 0x000001cb347742a0 Unloading class 0x000001cb370c4c00 'java/lang/invoke/LambdaForm$DMH+0x000001cb370c4c00'
Event: 100.847 Thread 0x000001cb347742a0 Unloading class 0x000001cb370c4400 'java/lang/invoke/LambdaForm$DMH+0x000001cb370c4400'
Event: 100.847 Thread 0x000001cb347742a0 Unloading class 0x000001cb37061400 'java/lang/invoke/LambdaForm$DMH+0x000001cb37061400'
Event: 100.847 Thread 0x000001cb347742a0 Unloading class 0x000001cb37061000 'java/lang/invoke/LambdaForm$DMH+0x000001cb37061000'
Event: 100.847 Thread 0x000001cb347742a0 Unloading class 0x000001cb37060c00 'java/lang/invoke/LambdaForm$DMH+0x000001cb37060c00'
Event: 100.847 Thread 0x000001cb347742a0 Unloading class 0x000001cb37060800 'java/lang/invoke/LambdaForm$DMH+0x000001cb37060800'
Event: 100.847 Thread 0x000001cb347742a0 Unloading class 0x000001cb37060400 'java/lang/invoke/LambdaForm$DMH+0x000001cb37060400'

Classes redefined (0 events):
No events

Internal exceptions (20 events):
Event: 136.782 Thread 0x000001cb7f7dbd90 Exception <a 'sun/nio/fs/WindowsException'{0x00000000a8364968}> (0x00000000a8364968) 
thrown [s\src\hotspot\share\prims\jni.cpp, line 516]
Event: 136.783 Thread 0x000001cb7f7dbd90 Exception <a 'sun/nio/fs/WindowsException'{0x00000000a8364b40}> (0x00000000a8364b40) 
thrown [s\src\hotspot\share\prims\jni.cpp, line 516]
Event: 136.793 Thread 0x000001cb7e335a00 Exception <a 'sun/nio/fs/WindowsException'{0x00000000a7e78910}> (0x00000000a7e78910) 
thrown [s\src\hotspot\share\prims\jni.cpp, line 516]
Event: 136.795 Thread 0x000001cb7e335a00 Exception <a 'sun/nio/fs/WindowsException'{0x00000000a7e78af0}> (0x00000000a7e78af0) 
thrown [s\src\hotspot\share\prims\jni.cpp, line 516]
Event: 136.806 Thread 0x000001cb7d675ae0 Exception <a 'sun/nio/fs/WindowsException'{0x00000000a7e4a810}> (0x00000000a7e4a810) 
thrown [s\src\hotspot\share\prims\jni.cpp, line 516]
Event: 136.806 Thread 0x000001cb7d675ae0 Exception <a 'sun/nio/fs/WindowsException'{0x00000000a7e4a9f0}> (0x00000000a7e4a9f0) 
thrown [s\src\hotspot\share\prims\jni.cpp, line 516]
Event: 136.813 Thread 0x000001cb7f7dff60 Exception <a 'sun/nio/fs/WindowsException'{0x00000000a7d29d60}> (0x00000000a7d29d60) 
thrown [s\src\hotspot\share\prims\jni.cpp, line 516]
Event: 136.813 Thread 0x000001cb7f7dff60 Exception <a 'sun/nio/fs/WindowsException'{0x00000000a7d29f40}> (0x00000000a7d29f40) 
thrown [s\src\hotspot\share\prims\jni.cpp, line 516]
Event: 136.817 Thread 0x000001cb7f7dae60 Exception <a 'sun/nio/fs/WindowsException'{0x00000000a7b35350}> (0x00000000a7b35350) 
thrown [s\src\hotspot\share\prims\jni.cpp, line 516]
Event: 136.819 Thread 0x000001cb7f7dae60 Exception <a 'sun/nio/fs/WindowsException'{0x00000000a7b35540}> (0x00000000a7b35540) 
thrown [s\src\hotspot\share\prims\jni.cpp, line 516]
Event: 136.868 Thread 0x000001cb7f7de610 Exception <a 'sun/nio/fs/WindowsException'{0x00000000a76cd8a8}> (0x00000000a76cd8a8) 
thrown [s\src\hotspot\share\prims\jni.cpp, line 516]
Event: 136.870 Thread 0x000001cb7f7de610 Exception <a 'sun/nio/fs/WindowsException'{0x00000000a76cda88}> (0x00000000a76cda88) 
thrown [s\src\hotspot\share\prims\jni.cpp, line 516]
Event: 136.872 Thread 0x000001cb7f7dc7b0 Exception <a 'sun/nio/fs/WindowsException'{0x00000000a7a37160}> (0x00000000a7a37160) 
thrown [s\src\hotspot\share\prims\jni.cpp, line 516]
Event: 136.872 Thread 0x000001cb7f7dc7b0 Exception <a 'sun/nio/fs/WindowsException'{0x00000000a7a37330}> (0x00000000a7a37330) 
thrown [s\src\hotspot\share\prims\jni.cpp, line 516]
Event: 136.872 Thread 0x000001cb7f7dbd90 Exception <a 'sun/nio/fs/WindowsException'{0x00000000a7684eb8}> (0x00000000a7684eb8) 
thrown [s\src\hotspot\share\prims\jni.cpp, line 516]
Event: 136.872 Thread 0x000001cb7f7dbd90 Exception <a 'sun/nio/fs/WindowsException'{0x00000000a76850a0}> (0x00000000a76850a0) 
thrown [s\src\hotspot\share\prims\jni.cpp, line 516]
Event: 137.215 Thread 0x000001cb7ebaf8f0 Exception <a 'java/lang/NoSuchMethodError'{0x00000000a0093fd0}: 'long java.lang.invoke.DirectMethodHandle$Holder.invokeStatic(java.lang.Object, java.lang.Object, java.lang.Object)'> (0x00000000a0093fd0) 
thrown [s\src\hotspot\share\interpreter\linkResolver.cpp, line 759]
Event: 141.916 Thread 0x000001cb05c08ae0 Exception <a 'sun/nio/fs/WindowsException'{0x00000000a0fb9218}> (0x00000000a0fb9218) 
thrown [s\src\hotspot\share\prims\jni.cpp, line 516]
Event: 143.924 Thread 0x000001cb05b510a0 Exception <a 'sun/nio/fs/WindowsException'{0x00000000a1161010}> (0x00000000a1161010) 
thrown [s\src\hotspot\share\prims\jni.cpp, line 516]
Event: 148.874 Thread 0x000001cb7e335a00 Exception <a 'java/lang/NoSuchMethodError'{0x00000000a2d21078}: static Lorg/jetbrains/kotlin/gradle/internal/kapt/incremental/ClasspathEntryData;.<clinit>()V> (0x00000000a2d21078) 
thrown [s\src\hotspot\share\prims\jni.cpp, line 1112]

VM Operations (20 events):
Event: 141.314 Executing VM operation: HandshakeAllThreads
Event: 141.314 Executing VM operation: HandshakeAllThreads done
Event: 141.527 Executing VM operation: G1CollectForAllocation
Event: 141.554 Executing VM operation: G1CollectForAllocation done
Event: 142.073 Executing VM operation: G1CollectForAllocation
Event: 142.091 Executing VM operation: G1CollectForAllocation done
Event: 143.091 Executing VM operation: Cleanup
Event: 143.092 Executing VM operation: Cleanup done
Event: 143.788 Executing VM operation: HandshakeAllThreads
Event: 143.801 Executing VM operation: HandshakeAllThreads done
Event: 143.867 Executing VM operation: HandshakeAllThreads
Event: 143.867 Executing VM operation: HandshakeAllThreads done
Event: 143.961 Executing VM operation: HandshakeAllThreads
Event: 143.979 Executing VM operation: HandshakeAllThreads done
Event: 144.748 Executing VM operation: G1CollectForAllocation
Event: 144.765 Executing VM operation: G1CollectForAllocation done
Event: 147.397 Executing VM operation: G1CollectForAllocation
Event: 147.408 Executing VM operation: G1CollectForAllocation done
Event: 149.048 Executing VM operation: G1CollectForAllocation
Event: 149.062 Executing VM operation: G1CollectForAllocation done

Memory protections (0 events):
No events

Nmethod flushes (20 events):
Event: 144.043 Thread 0x000001cb347b7580 flushing  nmethod 0x000001cb20eac010
Event: 144.043 Thread 0x000001cb347b7580 flushing  nmethod 0x000001cb20eb1290
Event: 144.043 Thread 0x000001cb347b7580 flushing  nmethod 0x000001cb20eb2190
Event: 144.043 Thread 0x000001cb347b7580 flushing  nmethod 0x000001cb20eb3490
Event: 144.043 Thread 0x000001cb347b7580 flushing  nmethod 0x000001cb20eb3890
Event: 144.043 Thread 0x000001cb347b7580 flushing  nmethod 0x000001cb20eb4d90
Event: 144.043 Thread 0x000001cb347b7580 flushing  nmethod 0x000001cb20eb9890
Event: 144.043 Thread 0x000001cb347b7580 flushing  nmethod 0x000001cb20eb9d90
Event: 144.043 Thread 0x000001cb347b7580 flushing  nmethod 0x000001cb20eba290
Event: 144.043 Thread 0x000001cb347b7580 flushing  nmethod 0x000001cb20eba810
Event: 144.043 Thread 0x000001cb347b7580 flushing  nmethod 0x000001cb20ebae90
Event: 144.043 Thread 0x000001cb347b7580 flushing  nmethod 0x000001cb20ebb410
Event: 144.043 Thread 0x000001cb347b7580 flushing  nmethod 0x000001cb20ebb810
Event: 144.043 Thread 0x000001cb347b7580 flushing  nmethod 0x000001cb20ebbe90
Event: 144.043 Thread 0x000001cb347b7580 flushing  nmethod 0x000001cb20ebc290
Event: 144.043 Thread 0x000001cb347b7580 flushing  nmethod 0x000001cb20ebc790
Event: 144.043 Thread 0x000001cb347b7580 flushing  nmethod 0x000001cb20ec3110
Event: 144.043 Thread 0x000001cb347b7580 flushing  nmethod 0x000001cb20ec3510
Event: 144.043 Thread 0x000001cb347b7580 flushing  nmethod 0x000001cb20ec3d10
Event: 144.043 Thread 0x000001cb347b7580 flushing  nmethod 0x000001cb20ec4310

Events (20 events):
Event: 137.202 Thread 0x000001cb05b51ac0 Thread added: 0x000001cb05b510a0
Event: 137.204 Thread 0x000001cb05b510a0 Thread added: 0x000001cb7df782c0
Event: 137.208 Thread 0x000001cb7df782c0 Thread added: 0x000001cb7ebaf8f0
Event: 137.209 Thread 0x000001cb7ebaf8f0 Thread added: 0x000001cb0dbde750
Event: 137.214 Thread 0x000001cb0dbde750 Thread added: 0x000001cb0dbdf170
Event: 137.217 Thread 0x000001cb0dbdf170 Thread added: 0x000001cb0dbdec60
Event: 144.001 Thread 0x000001cb0dbdec60 Thread exited: 0x000001cb0dbdec60
Event: 144.002 Thread 0x000001cb0dbdf170 Thread exited: 0x000001cb0dbdf170
Event: 144.002 Thread 0x000001cb7df782c0 Thread exited: 0x000001cb7df782c0
Event: 144.002 Thread 0x000001cb0dbde750 Thread exited: 0x000001cb0dbde750
Event: 144.002 Thread 0x000001cb7ebaf8f0 Thread exited: 0x000001cb7ebaf8f0
Event: 144.002 Thread 0x000001cb05c08ae0 Thread exited: 0x000001cb05c08ae0
Event: 144.002 Thread 0x000001cb05b51ac0 Thread exited: 0x000001cb05b51ac0
Event: 144.005 Thread 0x000001cb05b510a0 Thread exited: 0x000001cb05b510a0
Event: 144.143 Thread 0x000001cb7f454400 Thread exited: 0x000001cb7f454400
Event: 145.794 Thread 0x000001cb7e96c7f0 Thread exited: 0x000001cb7e96c7f0
Event: 148.228 Thread 0x000001cb347a44b0 Thread added: 0x000001cb34a675d0
Event: 148.536 Thread 0x000001cb34a675d0 Thread exited: 0x000001cb34a675d0
Event: 148.596 Thread 0x000001cb347a44b0 Thread added: 0x000001cb34a675d0
Event: 148.749 Thread 0x000001cb347a44b0 Thread added: 0x000001cb07f401b0


Dynamic libraries:
0x00007ff70cb40000 - 0x00007ff70cb4e000 	C:\Program Files\Microsoft\jdk-17.0.20.8-hotspot\bin\java.exe
0x00007ffd73700000 - 0x00007ffd73966000 	C:\WINDOWS\SYSTEM32\ntdll.dll
0x00007ffd72a60000 - 0x00007ffd72b29000 	C:\WINDOWS\System32\KERNEL32.DLL
0x00007ffd70910000 - 0x00007ffd70d0f000 	C:\WINDOWS\System32\KERNELBASE.dll
0x00007ffd70e10000 - 0x00007ffd70f5c000 	C:\WINDOWS\System32\ucrtbase.dll
0x00007ffd095d0000 - 0x00007ffd095e8000 	C:\Program Files\Microsoft\jdk-17.0.20.8-hotspot\bin\jli.dll
0x00007ffd08ef0000 - 0x00007ffd08f0e000 	C:\Program Files\Microsoft\jdk-17.0.20.8-hotspot\bin\VCRUNTIME140.dll
0x00007ffd72720000 - 0x00007ffd728e6000 	C:\WINDOWS\System32\USER32.dll
0x00007ffd6fcf0000 - 0x00007ffd6ff81000 	C:\WINDOWS\WinSxS\amd64_microsoft.windows.common-controls_6595b64144ccf1df_6.0.26100.8972_none_3e0da176e32f9d4b\COMCTL32.dll
0x00007ffd70d20000 - 0x00007ffd70d47000 	C:\WINDOWS\System32\win32u.dll
0x00007ffd71bd0000 - 0x00007ffd71c79000 	C:\WINDOWS\System32\msvcrt.dll
0x00007ffd72bf0000 - 0x00007ffd72c1b000 	C:\WINDOWS\System32\GDI32.dll
0x00007ffd70f70000 - 0x00007ffd71099000 	C:\WINDOWS\System32\gdi32full.dll
0x00007ffd712c0000 - 0x00007ffd71363000 	C:\WINDOWS\System32\msvcp_win.dll
0x00007ffd71430000 - 0x00007ffd71462000 	C:\WINDOWS\System32\IMM32.DLL
0x00007ffd3edb0000 - 0x00007ffd3edbc000 	C:\Program Files\Microsoft\jdk-17.0.20.8-hotspot\bin\vcruntime140_1.dll
0x00007ffce3450000 - 0x00007ffce34d9000 	C:\Program Files\Microsoft\jdk-17.0.20.8-hotspot\bin\msvcp140.dll
0x00007ffca5310000 - 0x00007ffca5f8b000 	C:\Program Files\Microsoft\jdk-17.0.20.8-hotspot\bin\server\jvm.dll
0x00007ffd71b00000 - 0x00007ffd71bbc000 	C:\WINDOWS\System32\ADVAPI32.dll
0x00007ffd71790000 - 0x00007ffd71839000 	C:\WINDOWS\System32\sechost.dll
0x00007ffd72170000 - 0x00007ffd72288000 	C:\WINDOWS\System32\RPCRT4.dll
0x00007ffd720d0000 - 0x00007ffd72152000 	C:\WINDOWS\System32\WS2_32.dll
0x00007ffd70770000 - 0x00007ffd707ce000 	C:\WINDOWS\SYSTEM32\POWRPROF.dll
0x00007ffd68660000 - 0x00007ffd68696000 	C:\WINDOWS\SYSTEM32\WINMM.dll
0x00007ffd6e3e0000 - 0x00007ffd6e3eb000 	C:\WINDOWS\SYSTEM32\VERSION.dll
0x00007ffd706a0000 - 0x00007ffd706b5000 	C:\WINDOWS\SYSTEM32\UMPDC.dll
0x00007ffd6efd0000 - 0x00007ffd6efeb000 	C:\WINDOWS\SYSTEM32\kernel.appcore.dll
0x00007ffd3e8a0000 - 0x00007ffd3e8aa000 	C:\Program Files\Microsoft\jdk-17.0.20.8-hotspot\bin\jimage.dll
0x00007ffd700a0000 - 0x00007ffd702e2000 	C:\WINDOWS\SYSTEM32\DBGHELP.DLL
0x00007ffd71d40000 - 0x00007ffd720c5000 	C:\WINDOWS\System32\combase.dll
0x00007ffd71840000 - 0x00007ffd71919000 	C:\WINDOWS\System32\OLEAUT32.dll
0x00007ffd6ff90000 - 0x00007ffd6ffcb000 	C:\WINDOWS\SYSTEM32\dbgcore.DLL
0x00007ffd71370000 - 0x00007ffd7141c000 	C:\WINDOWS\System32\bcryptPrimitives.dll
0x00007ffd3bec0000 - 0x00007ffd3becf000 	C:\Program Files\Microsoft\jdk-17.0.20.8-hotspot\bin\instrument.dll
0x00007ffd06c40000 - 0x00007ffd06c66000 	C:\Program Files\Microsoft\jdk-17.0.20.8-hotspot\bin\java.dll
0x00007ffce2260000 - 0x00007ffce2336000 	C:\Program Files\Microsoft\jdk-17.0.20.8-hotspot\bin\jsvml.dll
0x00007ffd72d70000 - 0x00007ffd734f8000 	C:\WINDOWS\System32\SHELL32.dll
0x00007ffd6d250000 - 0x00007ffd6daeb000 	C:\WINDOWS\SYSTEM32\windows.storage.dll
0x00007ffd73500000 - 0x00007ffd735f9000 	C:\WINDOWS\System32\SHCORE.dll
0x00007ffd714d0000 - 0x00007ffd71536000 	C:\WINDOWS\System32\shlwapi.dll
0x00007ffd70830000 - 0x00007ffd70859000 	C:\WINDOWS\SYSTEM32\profapi.dll
0x00007ffd076f0000 - 0x00007ffd07708000 	C:\Program Files\Microsoft\jdk-17.0.20.8-hotspot\bin\zip.dll
0x00007ffd071c0000 - 0x00007ffd071db000 	C:\Program Files\Microsoft\jdk-17.0.20.8-hotspot\bin\net.dll
0x00007ffd66260000 - 0x00007ffd66387000 	C:\WINDOWS\SYSTEM32\WINHTTP.dll
0x00007ffd6eb90000 - 0x00007ffd6ebfc000 	C:\WINDOWS\system32\mswsock.dll
0x00007ffd06bf0000 - 0x00007ffd06c06000 	C:\Program Files\Microsoft\jdk-17.0.20.8-hotspot\bin\nio.dll
0x00007ffd10ea0000 - 0x00007ffd10eb0000 	C:\Program Files\Microsoft\jdk-17.0.20.8-hotspot\bin\verify.dll
0x00007ffd06bc0000 - 0x00007ffd06be7000 	C:\Users\eferk\.gradle\native\c067742578af261105cb4f569cf0c3c89f3d7b1fecec35dd04571415982c5e48\windows-amd64\native-platform.dll
0x00007ffcbe340000 - 0x00007ffcbe484000 	C:\Users\eferk\.gradle\native\38dada09dfb8b06ba9b0570ebf7e218e3eb74d4ef43ca46872605cf95ebc2f47\windows-amd64\native-platform-file-events.dll
0x00007ffd0a220000 - 0x00007ffd0a22a000 	C:\Program Files\Microsoft\jdk-17.0.20.8-hotspot\bin\management.dll
0x00007ffd09660000 - 0x00007ffd0966c000 	C:\Program Files\Microsoft\jdk-17.0.20.8-hotspot\bin\management_ext.dll
0x00007ffd71c80000 - 0x00007ffd71c88000 	C:\WINDOWS\System32\PSAPI.DLL
0x00007ffd70480000 - 0x00007ffd7049b000 	C:\WINDOWS\SYSTEM32\CRYPTSP.dll
0x00007ffd6e5a0000 - 0x00007ffd6e5d9000 	C:\WINDOWS\system32\rsaenh.dll
0x00007ffd6ec40000 - 0x00007ffd6ec72000 	C:\WINDOWS\SYSTEM32\USERENV.dll
0x00007ffd70800000 - 0x00007ffd7082a000 	C:\WINDOWS\SYSTEM32\bcrypt.dll
0x00007ffd6ee80000 - 0x00007ffd6ee8c000 	C:\WINDOWS\SYSTEM32\CRYPTBASE.dll
0x00007ffd6e010000 - 0x00007ffd6e043000 	C:\WINDOWS\SYSTEM32\IPHLPAPI.DLL
0x00007ffd73600000 - 0x00007ffd7360a000 	C:\WINDOWS\System32\NSI.dll
0x00007ffd665d0000 - 0x00007ffd665ed000 	C:\WINDOWS\SYSTEM32\dhcpcsvc6.DLL
0x00007ffd665a0000 - 0x00007ffd665c5000 	C:\WINDOWS\SYSTEM32\dhcpcsvc.DLL
0x00007ffd6e0b0000 - 0x00007ffd6e208000 	C:\WINDOWS\SYSTEM32\DNSAPI.dll
0x00007ffd6e990000 - 0x00007ffd6e99d000 	C:\WINDOWS\SYSTEM32\DSPARSE.dll
0x00007ffd06840000 - 0x00007ffd06849000 	C:\Program Files\Microsoft\jdk-17.0.20.8-hotspot\bin\extnet.dll
0x00007ffd514d0000 - 0x00007ffd514de000 	C:\Program Files\Microsoft\jdk-17.0.20.8-hotspot\bin\sunmscapi.dll
0x00007ffd710a0000 - 0x00007ffd7121e000 	C:\WINDOWS\System32\CRYPT32.dll
0x00007ffd6f9a0000 - 0x00007ffd6f9d0000 	C:\WINDOWS\SYSTEM32\ncrypt.dll
0x00007ffd6f890000 - 0x00007ffd6f8cf000 	C:\WINDOWS\SYSTEM32\NTASN1.dll
0x00007ffd45fa0000 - 0x00007ffd45fa8000 	C:\WINDOWS\system32\wshunix.dll
0x00007ffd45c70000 - 0x00007ffd45c88000 	C:\WINDOWS\system32\napinsp.dll
0x00007ffd45c90000 - 0x00007ffd45ca3000 	C:\WINDOWS\System32\winrnr.dll
0x00007ffd45cb0000 - 0x00007ffd45cd2000 	C:\WINDOWS\system32\nlansp_c.dll
0x00007ffd63fd0000 - 0x00007ffd63fe6000 	C:\WINDOWS\system32\wshbth.dll
0x00007ffd63a50000 - 0x00007ffd63a5b000 	C:\Windows\System32\rasadhlp.dll
0x00007ffd68a40000 - 0x00007ffd68ac6000 	C:\WINDOWS\System32\fwpuclnt.dll
0x00007ffd70060000 - 0x00007ffd70096000 	C:\WINDOWS\SYSTEM32\ntmarta.dll
0x00007ffd6c8e0000 - 0x00007ffd6c980000 	C:\WINDOWS\system32\apphelp.dll

dbghelp: loaded successfully - version: 4.0.5 - missing functions: none
symbol engine: initialized successfully - sym options: 0x614 - pdb path: .;C:\Program Files\Microsoft\jdk-17.0.20.8-hotspot\bin;C:\WINDOWS\SYSTEM32;C:\WINDOWS\WinSxS\amd64_microsoft.windows.common-controls_6595b64144ccf1df_6.0.26100.8972_none_3e0da176e32f9d4b;C:\Program Files\Microsoft\jdk-17.0.20.8-hotspot\bin\server;C:\Users\eferk\.gradle\native\c067742578af261105cb4f569cf0c3c89f3d7b1fecec35dd04571415982c5e48\windows-amd64;C:\Users\eferk\.gradle\native\38dada09dfb8b06ba9b0570ebf7e218e3eb74d4ef43ca46872605cf95ebc2f47\windows-amd64

VM Arguments:
jvm_args: --add-opens=java.base/java.util=ALL-UNNAMED --add-opens=java.base/java.lang=ALL-UNNAMED --add-opens=java.base/java.lang.invoke=ALL-UNNAMED --add-opens=java.prefs/java.util.prefs=ALL-UNNAMED --add-opens=java.base/java.nio.charset=ALL-UNNAMED --add-opens=java.base/java.net=ALL-UNNAMED --add-opens=java.base/java.util.concurrent.atomic=ALL-UNNAMED -Xmx2048m -Dfile.encoding=UTF-8 -Duser.country=ID -Duser.language=en -Duser.variant -javaagent:C:\Users\eferk\.gradle\wrapper\dists\gradle-8.7-bin\bhs2wmbdwecv87pi65oeuq5iu\gradle-8.7\lib\agents\gradle-instrumentation-agent-8.7.jar 
java_command: org.gradle.launcher.daemon.bootstrap.GradleDaemon 8.7
java_class_path (initial): C:\Users\eferk\.gradle\wrapper\dists\gradle-8.7-bin\bhs2wmbdwecv87pi65oeuq5iu\gradle-8.7\lib\gradle-launcher-8.7.jar
Launcher Type: SUN_STANDARD

[Global flags]
     intx CICompilerCount                          = 4                                         {product} {ergonomic}
     uint ConcGCThreads                            = 2                                         {product} {ergonomic}
     uint G1ConcRefinementThreads                  = 8                                         {product} {ergonomic}
   size_t G1HeapRegionSize                         = 1048576                                   {product} {ergonomic}
    uintx GCDrainStackTargetSize                   = 64                                        {product} {ergonomic}
   size_t InitialHeapSize                          = 260046848                                 {product} {ergonomic}
   size_t MarkStackSize                            = 4194304                                   {product} {ergonomic}
   size_t MaxHeapSize                              = 2147483648                                {product} {command line}
   size_t MaxNewSize                               = 1287651328                                {product} {ergonomic}
   size_t MinHeapDeltaBytes                        = 1048576                                   {product} {ergonomic}
   size_t MinHeapSize                              = 8388608                                   {product} {ergonomic}
    uintx NonNMethodCodeHeapSize                   = 5839372                                {pd product} {ergonomic}
    uintx NonProfiledCodeHeapSize                  = 122909434                              {pd product} {ergonomic}
    uintx ProfiledCodeHeapSize                     = 122909434                              {pd product} {ergonomic}
    uintx ReservedCodeCacheSize                    = 251658240                              {pd product} {ergonomic}
     bool SegmentedCodeCache                       = true                                      {product} {ergonomic}
   size_t SoftMaxHeapSize                          = 2147483648                             {manageable} {ergonomic}
     bool UseCompressedClassPointers               = true                           {product lp64_product} {ergonomic}
     bool UseCompressedOops                        = true                           {product lp64_product} {ergonomic}
     bool UseG1GC                                  = true                                      {product} {ergonomic}
     bool UseLargePagesIndividualAllocation        = false                                  {pd product} {ergonomic}

Logging:
Log output configuration:
 #0: stdout all=warning uptime,level,tags
 #1: stderr all=off uptime,level,tags

Environment Variables:
JAVA_HOME=C:\Program Files\Microsoft\jdk-17.0.20.8-hotspot
CLASSPATH=D:\Efer Kano\Documents\OneDrive\Gawean\Proyek\Basket Ball APPS\\gradle\wrapper\gradle-wrapper.jar
PATH=C:\Program Files\Microsoft\jdk-17.0.20.8-hotspot\bin;C:\Users\eferk\AppData\Local\Android\Sdk\platform-tools;C:\Users\eferk\AppData\Local\Android\Sdk\cmdline-tools\latest\bin;D:\Efer Kano\Documents\OneDrive\Gawean\Proyek\Basket Ball APPS;C:\Program Files\Microsoft\jdk-17.0.20.8-hotspot\bin;C:\Users\eferk\AppData\Local\Android\Sdk\platform-tools;C:\Program Files\Microsoft\jdk-17.0.20.8-hotspot\bin;C:\Users\eferk\AppData\Local\Android\Sdk\platform-tools;C:\Users\eferk\AppData\Local\Android\Sdk\cmdline-tools\latest\bin;C:\Program Files\PowerShell\7;d:\cursor\resources\app\node_modules\@vscode\ripgrep\bin;C:\Program Files (x86)\Common Files\Oracle\Java\java8path;C:\WINDOWS\system32;C:\WINDOWS;C:\WINDOWS\System32\Wbem;C:\WINDOWS\System32\WindowsPowerShell\v1.0\;C:\WINDOWS\System32\OpenSSH\;C:\Program Files\dotnet\;C:\Program Files (x86)\dotnet\;C:\Program Files\WireGuard\;C:\Program Files\PuTTY\;C:\WINDOWS\system32;C:\WINDOWS;C:\WINDOWS\System32\Wbem;C:\WINDOWS\System32\WindowsPowerShell\v1.0\;C:\WINDOWS\System32\OpenSSH\;D:\Efer Kano\Documents\Nona\Math\php-8.2.28-nts-Win32-vs16-x64 (1);d:\composer;D:\Git\cmd;C:\Program Files\PowerShell\7\;C:\Program Files\MySQL\MySQL Shell 8.0\bin\;D:\Python\Python312\Scripts\;D:\Python\Python312\;C:\Users\eferk\AppData\Local\Microsoft\WindowsApps;d:\Microsoft VS Code\bin;C:\Users\eferk\.dotnet\tools;C:\Program Files (x86)\Nmap;C:\Users\eferk\AppData\Roaming\Composer\vendor\bin;D:\cursor\resources\app\bin;C:\Users\eferk\AppData\Local\GitHubDesktop\bin;C:\Program Files\Microsoft\jdk-17.0.20.8-hotspot\bin
USERNAME=eferk
TERM=dumb
OS=Windows_NT
PROCESSOR_IDENTIFIER=AMD64 Family 23 Model 96 Stepping 1, AuthenticAMD
TMP=C:\Users\eferk\AppData\Local\Temp
TEMP=C:\Users\eferk\AppData\Local\Temp



Periodic native trim disabled


---------------  S Y S T E M  ---------------

OS:
 Windows 11 , 64 bit Build 26100 (10.0.26100.8972)
OS uptime: 0 days 0:51 hours
Hyper-V role detected

CPU: total 8 (initial active 8) (8 cores per cpu, 1 threads per core) family 23 model 96 stepping 1 microcode 0x860010c, cx8, cmov, fxsr, mmx, 3dnowpref, sse, sse2, sse3, ssse3, sse4a, sse4.1, sse4.2, popcnt, lzcnt, tsc, tscinvbit, avx, avx2, aes, clmul, bmi1, bmi2, adx, sha, fma, vzeroupper, clflush, clflushopt, hv
Processor Information for the first 8 processors :
  Max Mhz: 2000, Current Mhz: 2000, Mhz Limit: 2000

Memory: 4k page, system-wide physical 15756M (1421M free)
TotalPageFile size 24972M (AvailPageFile size 6394M)
current process WorkingSet (physical memory assigned to process): 1170M, peak: 1233M
current process commit charge ("private bytes"): 1214M, peak: 1291M

vm_info: OpenJDK 64-Bit Server VM (17.0.20+8-LTS) for windows-amd64 JRE (17.0.20+8-LTS), built on Jul 14 2026 18:14:29 by "MicrosoftCorporation" with MS VC++ 17.14 (VS2022)

END.
